url,source,label,headline,origin
,NBC,1,"Select | Deals, Tips and Product Reviews | Select",nbc_select_shopping.html
,NBC,1,The 50 best Mother’s Day gifts that she’ll actually use,nbc_select_shopping.html
,NBC,1,The 50 best Mother’s Day gifts moms will actually use,nbc_select_shopping.html
,NBC,1,The flower delivery services you’ll want to know about this Mother’s Day,nbc_select_shopping.html
,NBC,1,Mother’s Day florals: 19 of the best flowers and plant gifts to keep on your radar,nbc_select_shopping.html
,NBC,1,The best graduation gifts that are just as good as money,nbc_select_shopping.html
,NBC,1,25 graduation gifts they may actually like more than cash,nbc_select_shopping.html
,NBC,1,Derm-approved skin care to soothe rosacea and redness,nbc_select_shopping.html
,NBC,1,Dealing with rosacea and redness? Start with these derm-approved skin care products,nbc_select_shopping.html
,NBC,1,The best mouse traps we hope you never need,nbc_select_shopping.html
,NBC,1,The best mouse traps that we hope you never need to buy,nbc_select_shopping.html
,NBC,1,"Amazon is having a secret sale on gardening tools, patio furniture and more — with prices starting at $12",nbc_select_shopping.html
,NBC,1,What to shop during Amazon’s secret outdoor sale,nbc_select_shopping.html
,NBC,1,The Tretinoin skin care guide I wish I had years ago,nbc_select_shopping.html
,NBC,1,I’ve used Tretinoin for 6 years — this is the skin care guide I wish I had as a beginner,nbc_select_shopping.html
,NBC,1,The 100 best things we’ve ever bought from Amazon,nbc_select_shopping.html
,NBC,1,The best wedge pillows to use if you have acid reflux,nbc_select_shopping.html
,NBC,1,5 best wedge pillows to help with acid reflux,nbc_select_shopping.html
,NBC,1,The 6 best lumbar support pillows,nbc_select_shopping.html
,NBC,1,"The best lumbar support pillows for lower back pain, according to experts",nbc_select_shopping.html
,NBC,1,"The best devices for relieving neck pain, according to experts",nbc_select_shopping.html
,NBC,1,The best cervical traction devices to help you relieve neck pain and say bye bye to ‘tech neck’,nbc_select_shopping.html
,NBC,1,The best at-home treatments for shoulder pain,nbc_select_shopping.html
,NBC,1,"How to relieve shoulder pain at home without painkillers, according to doctors",nbc_select_shopping.html
,NBC,1,"How toe separators help with foot pain, according to foot surgeons",nbc_select_shopping.html
,NBC,1,"The best toe separators to help with foot pain, according to surgeons",nbc_select_shopping.html
,NBC,1,The best at-home treatments for back pain,nbc_select_shopping.html
,NBC,1,I’ve been dealing with chronic back pain for years — here are the at-home treatments that actually help,nbc_select_shopping.html
,NBC,1,"Talking Shop with Gaby Dalkin, a.k.a. What’s Gaby Cooking",nbc_select_shopping.html
,NBC,1,What’s Gaby Cooking founder Gaby Dalkin is obsessed with these 7 things — and they’re not just food-related,nbc_select_shopping.html
,NBC,1,Talking Shop: What Sephora’s beauty director is buying during the 2026 Savings Event,nbc_select_shopping.html
,NBC,1,Even Sephora’s beauty director shops the Sephora Savings Event — here’s what’s in her cart,nbc_select_shopping.html
,NBC,1,Everything Danielle Fishel used on the ‘Dancing with the Stars’ tour bus — down to the disinfectant,nbc_select_shopping.html
,NBC,1,Talking Shop with Danielle Fishel (forever team Topanga!),nbc_select_shopping.html
,NBC,1,"The best label makers for organizing your kitchen, home office and more",nbc_select_shopping.html
,NBC,1,No one really wants a TV,nbc_select_shopping.html
,NBC,1,We tried over a dozen air purifiers — these are the best 2026,nbc_select_shopping.html
,NBC,1,Tested: The best air purifiers of 2026,nbc_select_shopping.html
,NBC,1,How to properly clean your hairbrushes and combs,nbc_select_shopping.html
,NBC,1,"How to properly clean hairbrushes and combs, according to experts",nbc_select_shopping.html
,NBC,1,"67+ new products worth paying attention to from Nike, Dyson, Sony and more",nbc_select_shopping.html
,NBC,1,"The 67+ best new products this month from Nike, Dyson, Sony, Keurig and more",nbc_select_shopping.html
,NBC,1,87+ new products we’re obsessed with this month,nbc_select_shopping.html
,NBC,1,"The 87+ new products our shopping editors can’t stop talking about this month: Apple, Lululemon, Dyson and more",nbc_select_shopping.html
,NBC,1,PSA: Cécred just launched a new collection,nbc_select_shopping.html
,NBC,1,Cécred just launched new styling products,nbc_select_shopping.html
,NBC,1,"NBC Select Wellness Awards 2026: The best fitness, sleep and oral care products",nbc_select_shopping.html
,NBC,1,"76+ best sales to shop this week: Ninja, Béis and more",nbc_select_shopping.html
,NBC,1,"The 78+ best sales to shop this week: Wayfair, Glossier and more",nbc_select_shopping.html
,NBC,1,Corsair K100 Air Wireless Gaming Keyboard,nbc_select_shopping.html
,NBC,1,What is a privacy screen and do I actually need one?,nbc_select_shopping.html
,NBC,1,The best e-readers that are not Amazon Kindles,nbc_select_shopping.html
,NBC,1,"The best Amazon Kindle-alternative e-readers, tested by our editors",nbc_select_shopping.html
,NBC,1,I’ve tested dozens of workout headphones: These are the best,nbc_select_shopping.html
,NBC,1,"Amazfit vs. Garmin: Can a $100 fitness tracker compete with an $1,100 one?",nbc_select_shopping.html
,NBC,1,"Amazfit vs. Garmin: Can a $100 fitness tracker compete with a $1,100 fitness tracker?",nbc_select_shopping.html
,NBC,1,Are Amazfit fitness trackers any good?,nbc_select_shopping.html
,NBC,1,Are Amazfit fitness trackers a good deal or a cheap headache?,nbc_select_shopping.html
,NBC,1,How to use a home blood pressure monitor the right way,nbc_select_shopping.html
,NBC,1,"How to properly use a home blood pressure monitor, according to an expert",nbc_select_shopping.html
,NBC,1,Nintendo Switch 2 review: is it worth the price?,nbc_select_shopping.html
,NBC,1,One year later: is the Nintendo Switch 2 worth the upgrade?,nbc_select_shopping.html
,NBC,1,I’ve tested dozens of smartwatches — these are the best,nbc_select_shopping.html
,NBC,1,I’ve tested dozens of smartwatches for the last three years — these are the best,nbc_select_shopping.html
,NBC,1,Anker 3-in-1 Cube Wireless Charging Station,nbc_select_shopping.html
,NBC,1,The Citizenry Stonewashed Linen Quilt,nbc_select_shopping.html
,NBC,1,Alo High-Waist Airbrush Legging,nbc_select_shopping.html
,NBC,1,Adidas Italia 70s Men’s Shoe,nbc_select_shopping.html
,NBC,1,CeraVe Skin Renewing Nightly Exfoliating Treatment,nbc_select_shopping.html
,NBC,1,KitchenAid Artisan Stand Mixer 5-Qt.,nbc_select_shopping.html
,NBC,1,Fullstar Vegetable Chopper and Spiralizer,nbc_select_shopping.html
,NBC,1,Is the Oura Ring 4 worth the hype for sleep tracking?,nbc_select_shopping.html
,NBC,1,I tested the latest Oura Ring 4 for over a year — is it worth the upgrade?,nbc_select_shopping.html
,NBC,1,A step-by-step guide to shopping for refurbished tech on eBay,nbc_select_shopping.html
,NBC,1,"How to safely shop for refurbished tech on eBay, according to an expert",nbc_select_shopping.html
,NBC,1,"The best coffee makers of 2026, approved by experts and coffee enthusiasts",nbc_select_shopping.html
,NBC,1,The best streaming devices for 2026,nbc_select_shopping.html
,NBC,1,Tested and ranked: Our editors’ favorite streaming devices for binging the latest shows and movies,nbc_select_shopping.html
,NBC,1,Do you need a smart home hub? Experts weigh in.,nbc_select_shopping.html
,NBC,1,"The best smart home hubs of 2026, tested by our editors",nbc_select_shopping.html
,NBC,1,The best TVs of 2026,nbc_select_shopping.html
,NBC,1,"The best TVs of 2026, according to experts",nbc_select_shopping.html
,NBC,1,Our editor’s favorite over-ear headphones of 2026,nbc_select_shopping.html
,NBC,1,"The 7 best over-ear headphones of 2026, tested by our editors",nbc_select_shopping.html
,NBC,1,What is red light therapy and does it work?,nbc_select_shopping.html
,NBC,1,The best photo scanners in 2026,nbc_select_shopping.html
,NBC,1,Preserve your old photos with these expert-recommended photo scanners,nbc_select_shopping.html
,NBC,1,The best portable power stations,nbc_select_shopping.html
,NBC,1,"Power your gear anywhere, anytime with these portable power stations",nbc_select_shopping.html
,NBC,1,Everything you need to know about the Nintendo Switch,nbc_select_shopping.html
,NBC,1,"We've tested 10 filtered showerheads (so far) — and yes, they really work",nbc_select_shopping.html
,NBC,1,"The best filtered showerheads of 2026, tested and reviewed",nbc_select_shopping.html
,NBC,1,Is NeeDoh the new Labubu? Here’s why everyone is obsessed with these viral squishies,nbc_select_shopping.html
,NBC,1,"The best men’s walking shoes of 2026, tested and reviewed",nbc_select_shopping.html
,NBC,1,I’ve trekked miles testing dozens of men’s walking shoes — these are the 8 best,nbc_select_shopping.html
,NBC,1,Deal of the Day: Waterpik’s popular upgraded water flosser is 32% off,nbc_select_shopping.html
,NBC,1,Waterpik’s water flosser makes flossing less annoying — and it’s currently 32% off on Amazon,nbc_select_shopping.html
,NBC,1,Can honey treat seasonal allergies?,nbc_select_shopping.html
,NBC,1,Can honey help alleviate seasonal allergy symptoms? Experts weigh in,nbc_select_shopping.html
,NBC,1,"If you sit all day, these lumbar pillows may save your lower back",nbc_select_shopping.html
,NBC,1,"The best lumbar pillows to ease lower back pain if you sit all day, according to experts",nbc_select_shopping.html
,NBC,1,What to pack in a hiking emergency kit,nbc_select_shopping.html
,NBC,1,"The best hiking emergency kits and supplies, according to experts",nbc_select_shopping.html
,NBC,1,Expert-approved walking pads that help you sit less and move more,nbc_select_shopping.html
,NBC,1,Do walking pads actually benefit your health? Fitness trainers explain (and share their top picks),nbc_select_shopping.html
,NBC,1,"The best spin shoes of 2026, according to spin instructors",nbc_select_shopping.html
,NBC,1,Clip in and improve your ride with these spin shoes,nbc_select_shopping.html
,NBC,1,NBC Select’s ultimate guide to shopping at Stakt,nbc_select_shopping.html
,NBC,1,We tried all of Stakt’s viral workout equipment — here are our honest thoughts,nbc_select_shopping.html
,NBC,1,The best massage guns for muscle relief,nbc_select_shopping.html
,NBC,1,"The best expert-recommended massage guns, tested and reviewed",nbc_select_shopping.html
,NBC,1,Solawave 4-in-1 Facial Wand,nbc_select_shopping.html
,NBC,1,Alo Women’s Cover Tank,nbc_select_shopping.html
,NBC,1,Hero Cosmetics Mighty Patch,nbc_select_shopping.html
,NBC,1,Brooklinen All-Season Down Comforter,nbc_select_shopping.html
,NBC,1,The Faded Family Bundle,nbc_select_shopping.html
,NBC,1,VL Court Bold Shoes,nbc_select_shopping.html
,NBC,1,The INKEY List Caffeine Eye Cream,nbc_select_shopping.html
,NBC,1,grace & stella Under Eye Masks (24 Pairs),nbc_select_shopping.html
,NBC,1,Cetaphil Face & Body Moisturizer,nbc_select_shopping.html
,NBC,1,She’s Birdie 3.0 - Personal Safety Alarm,nbc_select_shopping.html
,NBC,1,"grace & stella Under Eye Mask (Blue, 24 Pairs)",nbc_select_shopping.html
,NBC,1,Restcloud Neck and Shoulder Relaxer,nbc_select_shopping.html
,NBC,1,Nécessaire The Conditioner Mini,nbc_select_shopping.html
,NBC,1,BioCorneum Plus SPF 30 Silicone Scar Gel,nbc_select_shopping.html
,NBC,1,SMIRLY Cheese Board and Knife Set,nbc_select_shopping.html
,NBC,1,Tower 28 LipSoftie Tinted Lip Balm,nbc_select_shopping.html
,NBC,1,Sun Bum Original SPF 50 Sunscreen Body Lotion,nbc_select_shopping.html
,NBC,1,Calling all parents! These GPS tracking shoes are great for wandering kids,nbc_select_shopping.html
,NBC,1,These GPS tracking shoes and insoles are perfect for kids or elderly parents who wander off,nbc_select_shopping.html
,NBC,1,The best bug repellents to keep pests off of you this summer,nbc_select_shopping.html
,NBC,1,The 9 best DEET and DEET-free bug repellents that actually work,nbc_select_shopping.html
,NBC,1,ICYMI: Legos aren’t just for kids — these sets are great for adults who want to go analog,nbc_select_shopping.html
,NBC,1,ICYMI: Legos aren’t just for kids — these 7 sets are excellent for adults,nbc_select_shopping.html
,NBC,1,I’m learning how to DJ from my bedroom – here are the beginner essentials I swear by,nbc_select_shopping.html
,NBC,1,I’m learning how to DJ in my bedroom – here’s every beginner essential I’m using,nbc_select_shopping.html
,NBC,1,How to keep your kids entertained without a screen,nbc_select_shopping.html
,NBC,1,"The best no-screen travel toys for kids, tested by a mom of three",nbc_select_shopping.html
,NBC,1,The best board games for kids at every age level,nbc_select_shopping.html
,NBC,1,Top-rated board games for kids that make going analog fun,nbc_select_shopping.html
,NBC,1,"The best bike locks, tested and reviewed",nbc_select_shopping.html
,NBC,1,"The best bike locks, tested and reviewed by a cyclist",nbc_select_shopping.html
,NBC,1,The best board games for grown ups,nbc_select_shopping.html
,NBC,1,The 14+ best board games for your next get-together,nbc_select_shopping.html
,NBC,1,The prettiest puzzles for going analog at home,nbc_select_shopping.html
,NBC,1,"Mind-benders, brain-teasers and more: The 8 best puzzle books for adults",nbc_select_shopping.html
,NBC,1,"The 8 best puzzle books for mind-bending, brain-teasing fun",nbc_select_shopping.html
,NBC,1,The 8 best UPF sun hats for blocking UV rays,nbc_select_shopping.html
,NBC,1,Are UPF hats worth buying? Here’s what dermatologists say,nbc_select_shopping.html
,NBC,1,"How to treat poison ivy symptoms at home, according to derms",nbc_select_shopping.html
,NBC,1,Dealing with poison ivy symptoms? These over-the-counter treatments can help,nbc_select_shopping.html
,NBC,1,"The best foods for hungry, growing kittens, according to vets",nbc_select_shopping.html
,NBC,1,"The best wet and dry kitten food of 2026, according to veterinarians",nbc_select_shopping.html
,NBC,1,5 portable safes small enough to travel with,nbc_select_shopping.html
,NBC,1,"5 portable travel safes to keep your passport, credit cards, jewelry and more secure",nbc_select_shopping.html
,NBC,1,Is the Forme Power Bra really worth $179?,nbc_select_shopping.html
,NBC,1,Forme Power Bra review: Is it really worth $179?,nbc_select_shopping.html
,NBC,1,Home Products and Buying Guides - Select | NBC News,nbc_select_home.html
,NBC,1,Can beauty pillows really prevent wrinkles? Experts weigh in,nbc_select_home.html
,NBC,1,Do beauty pillows actually help prevent wrinkles or are they just a skin care gimmick? Doctors weigh in,nbc_select_home.html
,NBC,1,Amazon has air conditioners for every room size and budget,nbc_select_home.html
,NBC,1,There are actually great air conditioners on Amazon — here are our top 7 picks,nbc_select_home.html
,NBC,1,The best window air conditioners to keep your space cool year-round,nbc_select_home.html
,NBC,1,These window ACs are how we survive summer in the city,nbc_select_home.html
,NBC,1,The best portable air conditioners to keep you cool in any space,nbc_select_home.html
,NBC,1,The best portable air conditioners for all of us without central air,nbc_select_home.html
,NBC,1,The best coffee grinders for making better coffee at home,nbc_select_home.html
,NBC,1,The best coffee grinders for people who are serious about their morning brew,nbc_select_home.html
,NBC,1,The best espresso machines of 2026 for every type of home barista,nbc_select_home.html
,NBC,1,The best espresso machines for making barista-quality lattes at home,nbc_select_home.html
,NBC,1,"8 best programmable coffee makers: Cuisinart, Braun and more",nbc_select_home.html
,NBC,1,"The best programmable coffee makers, including picks from Cuisinart and Braun",nbc_select_home.html
,NBC,1,How to get rid of (and prevent) bed bugs,nbc_select_home.html
,NBC,1,"How to get rid of bed bugs, and what you can use to avoid getting them at all",nbc_select_home.html
,NBC,1,Deal of the Day: This ultra slim bidet is 76% off today,nbc_select_home.html
,NBC,1,This bidet is 76% off and a great way to keep your tush clean,nbc_select_home.html
,NBC,1,The best vacuum storage bags for keeping your things organized,nbc_select_home.html
,NBC,1,The best vacuum storage bags for keeping your things organized and mold-free,nbc_select_home.html
,NBC,1,Tested: 14 best shower cleaners of 2026,nbc_select_home.html
,NBC,1,"14 best shower cleaners of 2026: We tested popular shower sprays, tablets and more",nbc_select_home.html
,NBC,1,Our editors (and their skin) love these silk pillowcases,nbc_select_home.html
,NBC,1,"The best products to restore your leather bags, shoes and more",nbc_select_home.html
,NBC,1,"How to restore leather and make it last, according to textile and dry cleaning experts",nbc_select_home.html
,NBC,1,"How to get rid of moths in your home, according to pest control experts",nbc_select_home.html
,NBC,1,"How to get rid of moths: The best products, plus tips from experts",nbc_select_home.html
,NBC,1,The best floor cleaners that are also safe for pets,nbc_select_home.html
,NBC,1,6 best pet-safe floor cleaners every cat and dog owner should know about,nbc_select_home.html
,NBC,1,The 9 absolute best cordless vacuums of 2026,nbc_select_home.html
,NBC,1,The best cordless vacuums of 2026 to upgrade your cleaning routine,nbc_select_home.html
,NBC,1,How to clean hardwood floors without ruining them,nbc_select_home.html
,NBC,1,"How to clean hardwood floors without warping or damaging them, according to experts",nbc_select_home.html
,NBC,1,23 of the best cleaning products you’ll find on Amazon,nbc_select_home.html
,NBC,1,23 Amazon cleaning gadgets that take the stress out of spring cleaning,nbc_select_home.html
,NBC,1,How to organize your closet like an expert (and keep it that way),nbc_select_home.html
,NBC,1,How to organize your closet like an expert (plus the best products to help you),nbc_select_home.html
,NBC,1,How to clean a humidifier and prevent it from growing mold,nbc_select_home.html
,NBC,1,"How to clean stainless steel appliances the right way, according to experts",nbc_select_home.html
,NBC,1,"The best way to clean stainless steel appliances, according to cleaning experts",nbc_select_home.html
,NBC,1,This lightweight Hoto Handheld Car Vacuum is 40% Off,nbc_select_home.html
,NBC,1,This handheld Hoto car vacuum is 40% off — just in time for post road-trip (or Coachella) cleanup,nbc_select_home.html
,NBC,1,Tired of stubborn pet hair? Make sure you’re using the right vacuum,nbc_select_home.html
,NBC,1,"11 best vacuums for pet hair, according to experts and pet owners",nbc_select_home.html
,NBC,1,7 best robot vacuums of 2026,nbc_select_home.html
,NBC,1,These 7 robot vacuums clean your home so you can get some much needed R&R,nbc_select_home.html
,NBC,1,Cricut Joy Xtra review: Why it’s a DIYer’s dream,nbc_select_home.html
,NBC,1,"Why the Cricut Joy Xtra is perfect for teachers, DIY pros and small-business owners",nbc_select_home.html
,NBC,1,"The smoothest ballpoint pens, tested and reviewed",nbc_select_home.html
,NBC,1,3 ballpoint pens that write as smoothly as gel pens,nbc_select_home.html
,NBC,1,"The best under-desk ellipticals to move while you work, according to fitness pros",nbc_select_home.html
,NBC,1,The 6 best under-desk ellipticals to keep you active while you work,nbc_select_home.html
,NBC,1,Experiencing discomfort at your work desk? Try a kneeling chair,nbc_select_home.html
,NBC,1,Expert-recommended kneeling chairs to relieve back pain,nbc_select_home.html
,NBC,1,31 top-rated Amazon organization products,nbc_select_home.html
,NBC,1,31 best Amazon products to organize every room in your home,nbc_select_home.html
,NBC,1,23+ products every gardener should always have in their toolkit,nbc_select_home.html
,NBC,1,Gardening season is finally upon us — here are 23 products to keep in your toolkit,nbc_select_home.html
,NBC,1,It’s gardening season! Here are the tools worth buying on Amazon,nbc_select_home.html
,NBC,1,Amazon has plenty of gardening tools — here are the ones worth buying,nbc_select_home.html
,NBC,1,The best seed starting trays for jumpstarting your garden,nbc_select_home.html
,NBC,1,"The best seed starting trays to shop, according to pro gardeners",nbc_select_home.html
,NBC,1,13 expert-approved pruning shears for your garden,nbc_select_home.html
,NBC,1,"11 best pruning shears, according to gardeners",nbc_select_home.html
,NBC,1,New to herb gardening? Here's everything you need to get started,nbc_select_home.html
,NBC,1,"Everything you need to start an herb garden, according to experts",nbc_select_home.html
,NBC,1,I tested the Aerogarden for 5 weeks to see whether it could actually grow plants,nbc_select_home.html
,NBC,1,"How to garden year-round, at home: My review of the Aerogarden Harvest Elite",nbc_select_home.html
,NBC,1,Tech Gadgets and Products - Select | NBC News,nbc_select_tech.html
,NBC,1,"Tested and reviewed: the best fitness trackers for beginners, runners and more",nbc_select_tech.html
,NBC,1,"I’ve tested dozens of fitness trackers — here are the best ones for beginners, runners and more",nbc_select_tech.html
,NBC,1,The best wireless earbuds of 2026,nbc_select_tech.html
,NBC,1,"I’ve tested over 50 wireless earbuds — here are the best for fitness, noise-cancelling and more",nbc_select_tech.html
,NBC,1,The best Garmin watches of 2026,nbc_select_tech.html
,NBC,1,"I tested Garmin’s most popular watches — here are the best for runners, health tracking and more",nbc_select_tech.html
,NBC,1,"CD players are making a comeback, but I never stopped using mine",nbc_select_tech.html
,NBC,1,My Sony CD player has carried me through every phase of life — here’s why I’ll never leave it alone,nbc_select_tech.html
,NBC,1,We tested the viral screen time blocking app. Did it free us from mindless scrolling?,nbc_select_tech.html
,NBC,1,We tested The Brick for two weeks. Did it free us from mindless scrolling?,nbc_select_tech.html
,NBC,1,"Oura Ring covers? Yes, please",nbc_select_tech.html
,NBC,1,"Accessorize your Oura Ring with these covers, jackets and sleeves",nbc_select_tech.html
,NBC,1,"Apple launched new AirTags, and the original model is on sale",nbc_select_tech.html
,NBC,1,"Apple launched new AirTags, and the original model is on sale now",nbc_select_tech.html
,NBC,1,The best e-readers of 2026,nbc_select_tech.html
,NBC,1,Our favorite e-readers: tested and reviewed,nbc_select_tech.html
,NBC,1,Ailun Glass Screen Protector,nbc_select_tech.html
,NBC,1,GearLight LED Tactical Flashlight - 2 Pack,nbc_select_tech.html
,NBC,1,Chamberlain MyQ Smart Garage Control,nbc_select_tech.html
,NBC,1,Justin Case Commuter Car Emergency Kit,nbc_select_tech.html
,NBC,1,RocketBook Reusable Core Notebook,nbc_select_tech.html
,NBC,1,Anker Zolo Portable Charger,nbc_select_tech.html
,NBC,1,Perilogics Universal in Flight Phone Holder Mount,nbc_select_tech.html
,NBC,1,Apple AirPods Pro 2 Wireless Earbuds,nbc_select_tech.html
,NBC,1,Adjustable Cell Phone Stand,nbc_select_tech.html
,NBC,1,The best soundbars of 2026,nbc_select_tech.html
,NBC,1,These soundbars are an instant upgrade to your home audio experience,nbc_select_tech.html
,NBC,1,Are bookshelf speakers really necessary? Our tech expert weighs in,nbc_select_tech.html
,NBC,1,Here’s why a bookshelf speaker should be your next purchase,nbc_select_tech.html
,NBC,1,I test headphones for a living — here are my favorites under $100,nbc_select_tech.html
,NBC,1,I test headphones for a living — here are the best under $100,nbc_select_tech.html
,NBC,1,I test headphones for a living — there are my favorite open earbuds,nbc_select_tech.html
,NBC,1,I test headphones year-round — these are the best open earbuds,nbc_select_tech.html
,NBC,1,You can get an Apple MacBook model on sale right now,nbc_select_tech.html
,NBC,1,Apple’s latest sale is here: Shop deals on MacBook Air and Pro models at Amazon and Walmart,nbc_select_tech.html
,NBC,1,The 7 best laptops for college students,nbc_select_tech.html
,NBC,1,These 7 laptops are fit for any college experience,nbc_select_tech.html
,NBC,1,7 top-rated laptops for work and play,nbc_select_tech.html
,NBC,1,"7 best laptops for travelers, gamers, creatives and more",nbc_select_tech.html
,NBC,1,The best desktop computers in 2026,nbc_select_tech.html
,NBC,1,"The best desktop computers of 2026, according to experts",nbc_select_tech.html
,NBC,1,The 6 best laptop cases recommended by experts,nbc_select_tech.html
,NBC,1,"The 6 best laptop cases to protect your device, recommended by experts",nbc_select_tech.html
,NBC,1,A beginner’s guide to film photography,nbc_select_tech.html
,NBC,1,"Film photography for beginners, from people who own way too many film cameras",nbc_select_tech.html
,NBC,1,Our editors’ favorite point-and-shoot cameras,nbc_select_tech.html
,NBC,1,I’ve tested nearly a dozen point-and-shoot cameras — these are the best,nbc_select_tech.html
,NBC,1,Our editors’ favorite camcorders,nbc_select_tech.html
,NBC,1,The 5 best camcorders: tested by our editors,nbc_select_tech.html
,NBC,1,"Wellness Products, Guides and Recommendations - Select | NBC News",nbc_select_wellness.html
,NBC,1,"The 100 best face moisturizers tested and ranked, according to editors",nbc_select_wellness.html
,NBC,1,"The 100 best moisturizers tested and ranked, according to NBC Select editors",nbc_select_wellness.html
,NBC,1,The most effective over-the-counter products for fading scars,nbc_select_wellness.html
,NBC,1,"The best scar creams and treatments that actually work, according to dermatologists",nbc_select_wellness.html
,NBC,1,Menopause acne is a thing — here’s how to treat it,nbc_select_wellness.html
,NBC,1,"Menopause and acne: Experts explain why midlife breakouts are a thing, plus what you can do about them",nbc_select_wellness.html
,NBC,1,Deal of the Day: Get Medicube’s viral Pore pads for just under $15,nbc_select_wellness.html
,NBC,1,Medicube Pore Pads are 52% off on Amazon — but not for long,nbc_select_wellness.html
,NBC,1,Have sensitive skin? Here's what to look for in a sunscreen,nbc_select_wellness.html
,NBC,1,"Have sensitive skin? Here's what to look for in a sunscreen, according to dermatologists",nbc_select_wellness.html
,NBC,1,"These editor-approved tinted sunscreens can replace SPF, primer and foundation",nbc_select_wellness.html
,NBC,1,We tested over a dozen tinted sunscreens — these are our 13 favorites for daily coverage and UV protection,nbc_select_wellness.html
,NBC,1,The best braiding hair for all your summer styles,nbc_select_wellness.html
,NBC,1,"The best braiding hair for your summer style, according to braiding experts",nbc_select_wellness.html
,NBC,1,The best shampoos for eliminating dandruff,nbc_select_wellness.html
,NBC,1,Dealing with dandruff? These 13 shampoos can help,nbc_select_wellness.html
,NBC,1,"These shampoos are 100% pregnancy-safe, according to experts",nbc_select_wellness.html
,NBC,1,Do you need to use a pregnancy-safe shampoo while expecting?,nbc_select_wellness.html
,NBC,1,Thinning hair? Don't panic — here's how to treat it,nbc_select_wellness.html
,NBC,1,"The best shampoos and treatments for thinning hair, according to experts",nbc_select_wellness.html
,NBC,1,Get a salon-level blowout at home with these blow dryer brushes,nbc_select_wellness.html
,NBC,1,"The best blow dryer brushes, according to editors and hairstylists",nbc_select_wellness.html
,NBC,1,Don't use charcoal toothpaste and other brushing facts,nbc_select_wellness.html
,NBC,1,"The 14 best toothpastes for clean, healthy teeth in 2026",nbc_select_wellness.html
,NBC,1,The best dentist-approved toothpastes for sensitive teeth,nbc_select_wellness.html
,NBC,1,"The 7 best toothpastes for sensitive teeth, according to dentists",nbc_select_wellness.html
,NBC,1,How to choose the right toothpaste for your child,nbc_select_wellness.html
,NBC,1,"The 7 best kids toothpastes of 2026, according to dentists",nbc_select_wellness.html
,NBC,1,How to use every type of over-the-counter teeth whitening product (and which ones really work),nbc_select_wellness.html
,NBC,1,Over-the-counter teeth whitening: What products really work and how to make it last,nbc_select_wellness.html
,NBC,1,Whitening toothpastes (kind of) work — these are the top 9 we recommend,nbc_select_wellness.html
,NBC,1,Can whitening toothpastes noticeably whiten teeth? Dentists explain what to (and what not to) expect,nbc_select_wellness.html
,NBC,1,"Tested: The best, most effective teeth whitening strips",nbc_select_wellness.html
,NBC,1,We tested teeth whitening strips for 3 months — these 4 types really work,nbc_select_wellness.html
,NBC,1,"If you brush and floss, do you really need mouthwash? Here’s what dentists say",nbc_select_wellness.html
,NBC,1,"The best mouthwashes of 2026, tested by editors",nbc_select_wellness.html
,NBC,1,"The best KN95 masks to shop, according to experts",nbc_select_wellness.html
,NBC,1,"The best KN95 masks and how to shop for them, according to experts",nbc_select_wellness.html
,NBC,1,"The best meal delivery services, tested by editors",nbc_select_wellness.html
,NBC,1,"11 best meal delivery services, tested and reviewed by editors",nbc_select_wellness.html
,NBC,1,"The 50 best leggings tested and ranked, according to editors",nbc_select_wellness.html
,NBC,1,"The 50 best leggings of 2026 tested and ranked, according to NBC Select editors",nbc_select_wellness.html
,NBC,1,Why I can’t sleep without the Hatch Restore 2,nbc_select_wellness.html
,NBC,1,17 cozy pajama sets to replace your old T-shirt with,nbc_select_wellness.html
,NBC,1,17 highly rated pajama sets NBC Select staffers wear and love,nbc_select_wellness.html
,NBC,1,Are sunrise alarm clocks worth it? We asked sleep experts,nbc_select_wellness.html
,NBC,1,The best sunrise alarm clocks for a softer wake up call,nbc_select_wellness.html
,NBC,1,The anti-snoring devices experts say actually work,nbc_select_wellness.html
,NBC,1,The best expert-approved devices to help you stop snoring,nbc_select_wellness.html
,NBC,1,Tested and approved: the best white noise machines,nbc_select_wellness.html
,NBC,1,"The best white noise machines, tested and approved by sleep experts",nbc_select_wellness.html
,NBC,1,Sleep Week Exclusive: Get 25% off Brooklinen’s most popular sheet set,nbc_select_wellness.html
,NBC,1,Brooklinen’s most popular sheet set is 25% off for NBC Select readers during Sleep Week,nbc_select_wellness.html
,NBC,1,Lola Blankets Sleep Week sale: Get 40% off the viral throw blankets,nbc_select_wellness.html
,NBC,1,Lola Blankets are 40% off for NBC Select readers during Sleep Week,nbc_select_wellness.html
,NBC,1,Can wedge pillows actually help with back pain? Here’s what experts say,nbc_select_wellness.html
,NBC,1,"The best wedge pillows that help with back pain, according to sleep experts",nbc_select_wellness.html
,NBC,1,Biore Original Deep Cleansing Pore Strips,nbc_select_wellness.html
,NBC,1,Paul Mitchell Tea Tree Special Shampoo,nbc_select_wellness.html
,NBC,1,Olay Regenerist Facial Cleansing Brush,nbc_select_wellness.html
,NBC,1,WWDOLL KN95 Face Masks,nbc_select_wellness.html
,NBC,1,La Roche-Posay Effaclar Gel Cleanser,nbc_select_wellness.html
,NBC,1,Baimei Rose Quartz Jade Roller & Gua Sha Face Stone set,nbc_select_wellness.html
,NBC,1,Oral-B Glide Pro-Health Floss,nbc_select_wellness.html
,NBC,1,Neutrogena Hydro Boost Water Gel Face Moisturizer,nbc_select_wellness.html
,NBC,1,Grace & Stella Energizing Under Eye Masks,nbc_select_wellness.html
,NBC,1,Peach Slices Acne Spot Dots,nbc_select_wellness.html
https://www.nbcnews.com/world/israel/boy-14-shot-dead-israeli-settlers-west-bank-escalation-violence-rcna342543,NBC,1,"Boy, 14, shot dead by Israeli settlers in West Bank amid escalation in violence",nbc_feed_world.xml
https://www.nbcnews.com/world/russia/russia-ukraine-war-environmental-disaster-toxic-fumes-rcna342663,NBC,1,Oil rain and toxic fumes: Black Sea town faces environmental catastrophe as Ukrainian strikes rock Russia,nbc_feed_world.xml
https://www.nbcnews.com/data-graphics/gas-prices-iran-war-state-national-cost-trump-rcna265835,NBC,1,"Graphic: Track U.S., state and county gas prices",nbc_feed_world.xml
https://www.nbcnews.com/politics/white-house/trump-congressional-authorization-iran-military-operation-war-powers-rcna343094,NBC,1,"Trump says he doesn't need congressional authorization for Iran war, citing ceasefire",nbc_feed_world.xml
https://www.nbcnews.com/business/energy/gas-prices-iran-war-oil-ceasefire-rcna343053,NBC,1,Gas prices hit $4.39 per gallon in biggest one-day jump since Iran ceasefire announced,nbc_feed_world.xml
https://www.nbcnews.com/video/thousands-of-venezuelans-protest-cost-of-living-low-wages-262572101913,NBC,1,"Thousands of Venezuelans protest cost of living, low wages",nbc_feed_world.xml
https://www.nbcnews.com/nightly-news/video/trump-administration-to-pull-5-000-troops-from-germany-262564421559,NBC,1,"Trump administration to pull 5,000 troops from Germany",nbc_feed_world.xml
https://www.nbcnews.com/video/kiwi-birds-reintroduced-around-new-zealand-s-capital-wellington-262549573891,NBC,1,Iconic kiwi birds reintroduced around New Zealand’s capital,nbc_feed_world.xml
https://www.nbcnews.com/video/israeli-police-release-video-showing-the-moment-a-french-nun-was-attacked-262527045642,NBC,1,Israeli police release video showing the moment a French nun was attacked in Jerusalem,nbc_feed_world.xml
https://www.nbcnews.com/world/europe/king-charles-trump-set-return-mission-accomplished-rcna342865,NBC,1,King Charles set to return home with a quiet sense of mission accomplished,nbc_feed_world.xml
https://www.nbcnews.com/world/middle-east/lebanon-paramedics-israel-killed-health-workers-rcna332138,NBC,1,"As more health workers are killed in Lebanon, fears rise of wider trend",nbc_feed_world.xml
https://www.nbcnews.com/world/asia/trump-send-afghan-allies-us-congo-taliban-qatar-camp-refugees-rcna341352,NBC,1,Trump may send Afghan allies who were promised new lives in the U.S. to Congo instead,nbc_feed_world.xml
https://www.nbcnews.com/world/china/humanoid-robots-race-humans-beijing-half-marathon-showing-rapid-advanc-rcna340842,NBC,1,"Robot breaks the human half-marathon world record, a year after humanoid humiliation",nbc_feed_world.xml
https://www.nbcnews.com/world/europe/europe-rattled-disastrous-trend-trump-pulls-5000-troops-germany-rcna343189,NBC,1,"Europe rattled by 'disastrous trend' as Trump pulls 5,000 troops out of Germany",nbc_feed_world.xml
https://www.nbcnews.com/world/united-kingdom/anger-despair-jewish-britons-spate-attacks-rcna342853,NBC,1,Anger and despair among Jewish Britons after spate of attacks,nbc_feed_world.xml
https://www.nbcnews.com/world/cuba/cuba-teen-imprisoned-jonathan-muir-family-rcna341957,NBC,1,Family of 16-year-old teen imprisoned in Cuba makes urgent plea for his release,nbc_feed_world.xml
https://www.nbcnews.com/world/israel/nun-attacked-streets-jerusalem-sparking-outcry-rcna343052,NBC,1,"Nun is attacked in streets of Jerusalem, sparking outcry",nbc_feed_world.xml
https://www.nbcnews.com/world/iran/iran-trump-blockade-doomed-fail-oil-price-high-military-options-hormuz-rcna342831,NBC,1,Trump briefed on options for Iran as energy prices soar to 4-year high,nbc_feed_world.xml
https://www.nbcnews.com/world/middle-east/trump-gives-blessing-iraqs-new-pick-prime-minister-invites-al-zaidi-wa-rcna342977,NBC,1,Trump gives his blessing to Iraq's new pick for prime minister and invites him to Washington,nbc_feed_world.xml
https://www.nbcnews.com/news/us-news/kohinoor-diamond-mamdani-ask-king-charles-return-long-history-changing-rcna342890,NBC,1,Zohran Mamdani would ask King Charles to return Koh-i-Noor diamond — but return it where?,nbc_feed_world.xml
https://www.nbcnews.com/world/united-kingdom/two-people-stabbed-golders-green-london-attack-jewish-rcna342645,NBC,1,Suspect arrested in London terrorist incident in which two Jewish people were stabbed,nbc_feed_world.xml
https://www.nbcnews.com/world/iran/trump-warns-iran-deal-military-options-strait-hormuz-energy-prices-rcna342631,NBC,1,Trump warns Iran 'better get smart' as he weighs military options over Strait of Hormuz,nbc_feed_world.xml
https://www.nbcnews.com/world/middle-east/little-sparta-uae-shocked-gulf-going-way-oil-rcna342644,NBC,1,How 'Little Sparta' UAE shocked the Gulf by going its own way on oil,nbc_feed_world.xml
https://www.nbcnews.com/world/europe/king-charles-message-president-trump-congress-rcna342649,NBC,1,King Charles delivers pointed message on U.S. visit amid rising tensions with Trump,nbc_feed_world.xml
https://www.nbcnews.com/world/iran/trumpl-iran-proposal-end-war-reopen-hormuz-nuclear-deal-oil-storage-rcna342441,NBC,1,U.S. appears cool on Iran proposal to end war and reopen Hormuz without a nuclear deal,nbc_feed_world.xml
https://www.nbcnews.com/politics/2026-election/tom-steyer-unexpected-alliance-progressives-california-governor-race-rcna342878,NBC,1,How Tom Steyer unexpectedly won over progressives in California's governor race,nbc_feed_politics.xml
https://www.nbcnews.com/politics/politics-news/supreme-court-appeal-ruling-telehealth-mail-access-mifepristone-rcna343224,NBC,1,Supreme Court asked to pause ruling blocking telehealth and mail access to abortion pills,nbc_feed_politics.xml
https://www.nbcnews.com/politics/2026-election/alabama-governor-calls-special-session-move-primaries-redistricting-ge-rcna343125,NBC,1,Alabama and Tennessee set special sessions to consider new congressional maps,nbc_feed_politics.xml
https://www.today.com/video/trump-says-he-doesn-t-need-congressional-approval-for-iran-war-262593605982,NBC,1,Trump Says He Doesn't Need Congressional Approval for Iran War,nbc_feed_politics.xml
https://www.today.com/video/gas-prices-rise-in-us-as-strait-of-hormuz-talks-remain-stalled-262592069597,NBC,1,Gas Prices Continue to Rise as Talks With Iran Remain Stalled,nbc_feed_politics.xml
https://www.nbcnews.com/politics/justice-department/86-james-comey-indicted-restaurants-rcna342674,NBC,1,'86 it': Restaurant workers say the term at center of Comey's indictment is 'everyday lingo',nbc_feed_politics.xml
https://www.nbcnews.com/video/how-the-white-house-correspondents-association-dinner-chaos-unfolded-262220869984,NBC,1,How the White House Correspondents’ Association dinner chaos unfolded,nbc_feed_politics.xml
https://www.nbcnews.com/politics/national-security/us-asks-help-opening-strait-hormuz-trump-attacks-allies-rcna343082,NBC,1,U.S. asks for help with opening Strait of Hormuz while Trump attacks allies,nbc_feed_politics.xml
https://www.nbcnews.com/politics/2026-election/trump-endorses-rep-andy-barr-kentucky-senate-primary-rcna343158,NBC,1,Trump endorses Rep. Andy Barr in Kentucky Senate primary,nbc_feed_politics.xml
https://www.nbcnews.com/politics/national-security/trump-administration-pulling-5000-troops-germany-rcna343147,NBC,1,"Pentagon is pulling 5,000 troops from Germany after chancellor's Iran war criticism",nbc_feed_politics.xml
https://www.nbcnews.com/politics/2028-election/billionaire-illinois-gov-jb-pritzker-not-fully-self-finance-2028-run-rcna343122,NBC,1,Billionaire Gov. JB Pritzker explores something new in 2028: Raising money,nbc_feed_politics.xml
https://www.nbcnews.com/politics/politics-news/white-house-sidestep-congress-iran-war-politics-desk-rcna343138,NBC,1,The White House tries to sidestep Congress on Iran as political pressures mount: From the Politics Desk,nbc_feed_politics.xml
https://www.nbcnews.com/politics/politics-news/ex-gop-rep-david-rivera-convicted-secretly-lobbying-us-officials-behal-rcna343117,NBC,1,Ex-GOP Rep. David Rivera convicted of secretly lobbying U.S. officials on behalf of Venezuela,nbc_feed_politics.xml
https://www.nbcnews.com/health/health-news/trump-pulls-casey-means-nomination-general-replacement-nicole-saphier-rcna261423,NBC,1,"Trump pulls Dr. Casey Means' nomination for surgeon general, announces replacement",nbc_feed_politics.xml
https://www.nbcnews.com/politics/donald-trump/trump-lost-control-conspiracy-theories-rcna342504,NBC,1,Trump has lost control of the conspiracy theories,nbc_feed_politics.xml
https://www.nbcnews.com/politics/2026-election/biden-endorses-keisha-lance-bottoms-georgia-governor-rcna343057,NBC,1,Biden backs Keisha Lance Bottoms for Georgia governor,nbc_feed_politics.xml
https://www.nbcnews.com/politics/congress/house-speaker-mike-johnson-says-us-not-war-iran-white-house-approaches-rcna342868,NBC,1,Mike Johnson says U.S. 'not at war' with Iran as key deadline nears,nbc_feed_politics.xml
https://www.nbcnews.com/politics/2026-election/elizabeth-warren-campaign-iowa-progressive-senate-candidate-rcna342989,NBC,1,Elizabeth Warren to campaign in Iowa for progressive Senate candidate,nbc_feed_politics.xml
https://www.nbcnews.com/health/health-news/nebraska-rolls-medicaid-work-requirements-putting-thousands-risk-losin-rcna342900,NBC,1,"Nebraska rolls out Medicaid work requirements, risking coverage for thousands",nbc_feed_politics.xml
https://www.nbcnews.com/news/us-news/new-video-shows-correspondents-dinner-suspect-shooting-officer-top-pro-rcna343010,NBC,1,"New video shows correspondents' dinner suspect shooting officer, top prosecutor says",nbc_feed_politics.xml
https://www.nbcnews.com/politics/congress/congress-expected-end-record-75-day-partial-government-shutdown-rcna342903,NBC,1,Record-long DHS shutdown ends but doesn't include funding for ICE,nbc_feed_politics.xml
https://www.nbcnews.com/politics/white-house/iran-accelerating-efforts-dig-missiles-munitions-rcna342881,NBC,1,Iran is accelerating efforts to dig out missiles and munitions,nbc_feed_politics.xml
https://www.nbcnews.com/health/cancer/ai-early-signs-pancreatic-cancer-before-tumors-develop-rcna343099,NBC,1,AI finds signs of pancreatic cancer before tumors develop,nbc_feed_health.xml
https://www.nbcnews.com/health/health-news/rectal-cancer-rates-deaths-rising-millennials-30s-40s-rcna341389,NBC,1,Rectal cancer deaths rising rapidly among millennials: 'It's a medical crisis',nbc_feed_health.xml
https://www.nbcnews.com/health/aging/brain-health-habits-alzheimers-association-rcna341287,NBC,1,What does it take to protect brain health? 10 habits to start now,nbc_feed_health.xml
https://www.nbcnews.com/health/cancer/pancreatic-cancer-mrna-vaccine-shows-lasting-results-early-trial-rcna331969,NBC,1,Pancreatic cancer mRNA vaccine shows lasting results in an early trial,nbc_feed_health.xml
https://www.nbcnews.com/video/critics-slam-medical-credit-cards-as-some-states-try-to-curb-use-262573125675,NBC,1,Critics slam medical credit cards as patient shares account of being signed up in hospital,nbc_feed_health.xml
https://www.nbcnews.com/video/federal-appeals-court-rules-that-abortion-drugs-cannot-be-sent-by-mail-262565957619,NBC,1,Federal appeals court rules that abortion drugs cannot be sent by mail,nbc_feed_health.xml
https://www.today.com/video/boost-your-mood-with-these-energizing-habit-stacks-262529605896,NBC,1,Boost Your Mood With These Energizing Habit Stacks,nbc_feed_health.xml
https://www.nbcnews.com/video/trump-pulls-casey-means-nomination-for-surgeon-general-262495813643,NBC,1,Trump pulls Casey Means' nomination for surgeon general,nbc_feed_health.xml
https://www.nbcnews.com/health/womens-health/appeals-court-blocks-abortion-pill-access-telehealth-mail-rcna343148,NBC,1,Appeals court blocks access to abortion pills via telehealth and mail nationwide,nbc_feed_health.xml
https://www.nbcnews.com/health/aging/core-toe-foot-exercises-improve-balance-agility-study-rcna341960,NBC,1,Are you lying down? These 10-minute toe and core exercises can help improve balance,nbc_feed_health.xml
https://www.nbcnews.com/health/health-news/trump-rfk-jr-appeals-ruling-blocked-vaccine-overhaul-rcna342816,NBC,1,Trump administration appeals ruling that blocked RFK Jr.'s vaccine overhaul,nbc_feed_health.xml
https://www.nbcnews.com/health/health-news/constipation-hemorrhoids-prevent-fiber-phone-bathroom-aga-guidelines-rcna342336,NBC,1,Stop scrolling and eat lentils: New guidelines to prevent hemorrhoids,nbc_feed_health.xml
https://www.nbcnews.com/health/health-news/hospital-ceos-defend-charging-patients-facilities-rcna342577,NBC,1,Hospital CEOs defend charging patients more at facilities,nbc_feed_health.xml
https://www.nbcnews.com/health/health-news/patients-say-want-alzheimers-blood-tests-doctors-arent-sure-help-rcna341059,NBC,1,Patients say they want Alzheimer's blood tests. Doctors aren't sure they help.,nbc_feed_health.xml
https://www.nbcnews.com/health/health-news/fda-psychedelic-drugs-psilocybin-methylone-review-depression-ptsd-rcna341677,NBC,1,FDA grants quick review for 3 psychedelic drug trials,nbc_feed_health.xml
https://www.nbcnews.com/health/health-news/fda-approves-first-gene-therapy-genetic-hearing-loss-rcna341666,NBC,1,FDA approves first gene therapy for genetic hearing loss,nbc_feed_health.xml
https://www.nbcnews.com/news/us-news/rfk-jr-backlash-medicaid-home-care-programs-fraud-rcna341483,NBC,1,RFK Jr. draws backlash for ripping Medicaid programs that pay people to care for family,nbc_feed_health.xml
https://www.nbcnews.com/politics/justice-department/trump-administration-moves-ease-restrictions-medical-marijuana-rcna341584,NBC,1,Trump administration moves to ease restrictions on medical marijuana,nbc_feed_health.xml
https://www.nbcnews.com/sports/horse-racing/kentucky-derby-photos-chuchill-downs-horse-racing-rcna343213,NBC,1,"Photos from the 152nd Kentucky Derby: the best day in horse racing, the 'Sport of Kings'",nbc_feed_news.xml
https://www.nbcnews.com/sports/horse-racing/kentucky-derby-watch-time-channel-2026-race-odds-horses-lineup-rcna342993,NBC,1,"2026 Kentucky Derby guide: Time, TV channels, betting favorites and more",nbc_feed_news.xml
https://www.nbcnews.com/now/video/spirit-airlines-says-all-flights-are-canceled-as-it-shuts-down-operations-262582853737,NBC,1,Spirit Airlines announces all flights are canceled as it shuts down operations,nbc_feed_news.xml
https://www.nbcnews.com/video/shorts/man-climbs-d-c-bridge-to-protest-iran-war-262599749909,NBC,1,Man climbs D.C. bridge to protest Iran war,nbc_feed_news.xml
https://www.nbcnews.com/video/shorts/last-spirit-flights-seen-descending-into-dallas-airport-262598213954,NBC,1,Last Spirit flights seen descending into Dallas airport,nbc_feed_news.xml
https://www.nbcnews.com/video/shorts/man-says-waymo-drove-away-with-his-luggage-262597701755,NBC,1,Man says Waymo drove away with his luggage,nbc_feed_news.xml
https://www.nbcnews.com/video/shorts/trump-admin-says-iran-war-not-to-blame-for-spirit-shutdown-262596677738,NBC,1,Trump admin says Iran war not to blame for Spirit shutdown,nbc_feed_news.xml
https://www.nbcnews.com/video/shorts/duffy-explains-why-there-was-no-bailout-of-spirit-262595141961,NBC,1,Duffy explains why there was no bailout of Spirit,nbc_feed_news.xml
https://www.nbcnews.com/video/shorts/passengers-learn-of-spirit-s-shutdown-at-the-airport-262595141515,NBC,1,Passengers learn of Spirit's shutdown at the airport,nbc_feed_news.xml
https://www.nbcnews.com/video/shorts/flash-flooding-kills-at-least-one-person-in-texas-262578245927,NBC,1,Flash flooding kills at least one person in Texas,nbc_feed_news.xml
https://www.nbcnews.com/video/shorts/federal-court-blocks-access-to-abortion-pills-by-mail-262571589595,NBC,1,Federal court blocks access to abortion pills by mail,nbc_feed_news.xml
https://www.nbcnews.com/video/shorts/how-republican-messaging-on-iran-war-could-affect-midterms-262564421786,NBC,1,How Republican messaging on Iran war could affect midterms,nbc_feed_news.xml
https://www.nbcnews.com/video/shorts/spirit-airlines-could-shut-down-without-bailout-262568005553,NBC,1,Spirit Airlines could shut down without bailout,nbc_feed_news.xml
https://www.nbcnews.com/video/shorts/runaway-hog-finds-new-home-at-animal-sanctuary-262558277680,NBC,1,Runaway hog finds new home at animal sanctuary,nbc_feed_news.xml
https://www.nbcnews.com/video/shorts/trump-says-he-thinks-war-powers-act-is-unconstitutional-262541381719,NBC,1,Trump says he thinks War Powers Act is 'unconstitutional',nbc_feed_news.xml
https://www.nbcnews.com/now/video/the-evolution-of-album-rollouts-262471749906,NBC,1,The evolution of album rollouts,nbc_feed_news.xml
https://www.nbcnews.com/business/travel/spirit-airlines-shutdown-what-to-know-rcna343222,NBC,1,"After Spirit collapse strands travelers, here's what to know about refunds and rebooking",nbc_feed_news.xml
https://www.foxnews.com/entertainment/ted-danson-10-good-years-speedos-wife-mary-steenburgen-made-brave-move-ban,FoxNews,0,Ted Danson had ‘10 good years’ in Speedos before wife Mary Steenburgen made the ‘brave move’ to ban them,fox_feed_latest.xml
https://www.foxnews.com/entertainment/anna-nicole-smiths-lookalike-daughter-dramatic-new-look-kentucky-derby-stars,FoxNews,0,Anna Nicole Smith’s lookalike daughter turns heads in dramatic new look at Kentucky Derby as stars take over,fox_feed_latest.xml
https://www.foxnews.com/politics/abortion-pill-fight-heads-supreme-court-manufacturer-warns-chaos-ruling,FoxNews,0,Abortion pill fight heads to Supreme Court as manufacturer warns of ‘chaos’ after ruling,fox_feed_latest.xml
https://www.foxnews.com/outkick-sports/bruins-nikita-zadorov-reveals-played-first-round-wild-injury,FoxNews,0,Bruins' Nikita Zadorov reveals he played most of the first round with a wild injury,fox_feed_latest.xml
https://www.foxnews.com/outkick-sports/ex-vikings-captain-jack-brewer-opens-witnessing-somalis-flooding-luxury-stores-amid-alleged-fraud,FoxNews,0,Ex-Vikings captain Jack Brewer opens up on witnessing Somalis flooding luxury stores amid alleged fraud,fox_feed_latest.xml
https://www.foxnews.com/outkick-analysis/shilo-sanders-doubles-make-sandwich-insult-female-browns-reporter,FoxNews,0,Shilo Sanders doubles down on 'make me a sandwich' insult to female Browns reporter,fox_feed_latest.xml
https://www.foxnews.com/media/doj-alleges-systematic-culture-anti-christian-bias-across-federal-agencies-biden,FoxNews,0,DOJ alleges 'systematic culture' of anti-Christian bias across federal agencies under Biden,fox_feed_latest.xml
https://www.foxnews.com/us/1-dead-after-car-slams-lavish-portland-social-club-investigators-uncover-possible-explosives,FoxNews,0,"1 dead after car slams into lavish Portland social club with possible explosives, FBI investigating",fox_feed_latest.xml
https://www.foxnews.com/media/joe-rogan-defends-jimmy-kimmel-over-backlash-from-melania-widow-joke,FoxNews,0,Joe Rogan defends Jimmy Kimmel over backlash from Melania widow joke,fox_feed_latest.xml
https://www.foxnews.com/sports/yankees-jazz-chisholm-jr-clarifies-wearing-airpods-field-amid-viral-photos,FoxNews,0,Yankees' Jazz Chisholm Jr clarifies he was not wearing AirPods in the field amid viral photos,fox_feed_latest.xml
https://www.foxnews.com/outkick-sports/marshall-manning-hype-train-already-hitting-timeline,FoxNews,0,The Marshall Manning hype train is already hitting the timeline,fox_feed_latest.xml
https://www.foxnews.com/entertainment/jerry-seinfeld-rips-electric-cars-stupid-virtue-signal-zero-interest,FoxNews,0,"Jerry Seinfeld rips electric cars as ‘stupid virtue signal,’ has zero interest",fox_feed_latest.xml
https://www.foxnews.com/outkick-sports/lebron-james-lakers-teammates-weigh-goat-debate-,FoxNews,0,Lebron James' Lakers teammates weigh in on GOAT debate,fox_feed_latest.xml
https://www.foxnews.com/entertainment/post-malone-abruptly-cancels-tour-dates-jelly-roll-aint-ready,FoxNews,0,Post Malone abruptly cancels upcoming tour dates with Jelly Roll: ‘We ain’t ready’,fox_feed_latest.xml
https://www.foxnews.com/tech/diy-identity-protection-vs-paid-services-works-2026,FoxNews,0,DIY identity protection vs paid services: What works in 2026,fox_feed_latest.xml
https://www.foxnews.com/us/missing-mans-body-found-abandoned-cemetery-crypt-case-tied-biker-gang,FoxNews,0,Missing man’s body found in abandoned cemetery crypt in case tied to biker gang,fox_feed_latest.xml
https://www.foxnews.com/outkick-sports/espns-pk-subban-gets-lit-online-wardrobe-choice-stanley-cup-playoffs-coverage,FoxNews,0,ESPN's PK Subban gets LIT UP online for wardrobe choice during Stanley Cup Playoffs coverage,fox_feed_latest.xml
https://www.foxnews.com/us/illegal-immigrant-shot-ice-indicted-allegedly-ramming-agents-car-california,FoxNews,0,Illegal immigrant shot by ICE indicted for allegedly ramming agents with car in California,fox_feed_latest.xml
https://www.foxnews.com/sports/raptors-star-rj-barrett-nails-season-saving-3-pointer-force-game-7-cavaliers,FoxNews,0,Raptors star RJ Barrett nails season-saving 3-pointer to force Game 7 against Cavaliers,fox_feed_latest.xml
https://www.foxnews.com/media/bill-maher-denounces-those-disappointed-trump-wasnt-killed-whca-dinner-says-youre-not-good-person,FoxNews,0,"Bill Maher denounces those disappointed Trump wasn't killed at WHCA Dinner, says, ‘You’re not a good person’",fox_feed_latest.xml
https://www.foxnews.com/outkick-sports/152nd-kentucky-derby-picks-best-bets-exactas-trifectas-late-pick-5,FoxNews,0,"The 152nd Kentucky Derby picks: Best bets, exactas, trifectas and late Pick 5",fox_feed_latest.xml
https://www.foxnews.com/us/86-47-slogan-tied-james-comey-resurfaces-may-day-protests-us,FoxNews,0,‘86 47’ slogan tied to James Comey resurfaces at May Day protests across US,fox_feed_latest.xml
https://www.foxnews.com/sports/reds-vs-pirates-betting-preview-favors-starters-thrive-saturdays-matchup-conditions,FoxNews,0,Reds vs Pirates betting preview favors the under as both starters thrive in Saturday's matchup conditions,fox_feed_latest.xml
https://www.foxnews.com/health/10-minutes-daily-floor-exercises-may-improve-balance-agility-study-finds,FoxNews,0,"Just 10 minutes of daily floor exercises may improve balance and agility, study finds",fox_feed_latest.xml
https://www.foxnews.com/entertainment/scarface-mansion-florida-hits-market-237-million,FoxNews,0,'Scarface' mansion in Florida hits the market for $237 million,fox_feed_latest.xml
https://www.foxnews.com/us/13-obama-backed-22b-solar-plant-leaves-taxpayers-hook-costly-green-energy-boondoggle-part-1,FoxNews,0,Obama-backed $2.2B green energy 'boondoggle' leaves taxpayers on the hook,fox_feed_us.xml
https://www.foxnews.com/us/harvard-scientist-convicted-lying-china-ties-rebuilds-brain-tech-lab-china,FoxNews,0,Harvard scientist convicted of lying about China ties rebuilds brain-tech lab in China,fox_feed_us.xml
https://www.foxnews.com/us/ice-lines-boot-illegal-immigrant-child-sex-predator-bogus-asylum-claim-early-prison-release,FoxNews,0,"ICE lines up to boot illegal immigrant child sex predator after bogus asylum claim, early prison release",fox_feed_us.xml
https://www.foxnews.com/us/beloved-crossing-guard-killed-alleged-drunk-driver-helping-kids-cross-street-louisiana,FoxNews,0,Beloved crossing guard killed by alleged drunk driver while helping kids cross the street in Louisiana,fox_feed_us.xml
https://www.foxnews.com/us/bryan-kohberger-mother-called-angel-insisted-police-made-really-really-bad-mistake-book,FoxNews,0,"Bryan Kohberger's mother called him 'my angel' and insisted police made a 'really, really bad mistake': book",fox_feed_us.xml
https://www.foxnews.com/us/secret-service-model-worked-whca-dinner-shooting-luck-played-role-experts-say,FoxNews,0,"Secret Service 'model worked' during WHCA Dinner shooting, but 'luck' played a role, experts say",fox_feed_us.xml
https://www.foxnews.com/us/four-noncitizens-charged-illegally-voting-2020-2022-2024-federal-elections-new-jersey,FoxNews,0,"Four noncitizens charged with illegally voting in 2020, 2022 and 2024 federal elections in New Jersey",fox_feed_us.xml
https://www.foxnews.com/us/dominos-driver-runs-customer-tip-dispute-caught-camera-police,FoxNews,0,"Domino’s driver runs down customer over tip dispute, caught on camera: police",fox_feed_us.xml
https://www.foxnews.com/us/watch-driver-smirks-mugshot-allegedly-hitting-group-cyclists-caught-camera-road-rage,FoxNews,0,WATCH: Driver smirks in mugshot after allegedly hitting group of cyclists in caught-on-camera road rage,fox_feed_us.xml
https://www.foxnews.com/us/female-inmate-sues-washington-state-alleged-attack-male-born-prisoner-womens-facility,FoxNews,0,Female inmate sues Washington state after alleged attack by male-born prisoner in women's facility,fox_feed_us.xml
https://www.foxnews.com/us/hiker-airlifted-terrifying-rattlesnake-bite-remote-trail-incidents-surge-area,FoxNews,0,Hiker airlifted after terrifying rattlesnake bite on remote trail as incidents surge in area,fox_feed_us.xml
https://www.foxnews.com/us/teen-suspect-murder-two-bank-employees-kentucky-leads-police-wild-130-mph-chase,FoxNews,0,Teen suspect in murder of two bank employees in Kentucky leads police on wild 130 mph chase,fox_feed_us.xml
https://www.foxnews.com/us/sheriff-grady-judd-names-jan-6-participant-maga-influencer-among-266-arrested-prostitution-sting,FoxNews,0,"Sheriff Grady Judd names Jan. 6 participant, MAGA influencer among 266 arrested in prostitution sting",fox_feed_us.xml
https://www.foxnews.com/us/fox-news-true-crime-newsletter-nancy-guthrie-trail-bryan-kohberger-team-fractures-luigi-mangione-morals,FoxNews,0,"Fox News True Crime Newsletter: Nancy Guthrie trail, Bryan Kohberger team fractures, Luigi Mangione morals",fox_feed_us.xml
https://www.foxnews.com/us/remains-found-near-florida-bridge-identified-missing-college-student-vanished-weeks-ago,FoxNews,0,Remains found near Florida bridge identified as missing college student who vanished weeks ago,fox_feed_us.xml
https://www.foxnews.com/us/tyler-robinson-prosecutors-say-defense-fueled-viral-misinformation-charlie-kirk-assassination-case,FoxNews,0,Tyler Robinson prosecutors say defense fueled viral misinformation in Charlie Kirk assassination case,fox_feed_us.xml
https://www.foxnews.com/us/congressman-vows-find-answers-missing-deceased-scientists-cases-trump-gives-update-investigation,FoxNews,0,"Congressman vows to find answers in missing, deceased scientists cases as Trump gives update on investigation",fox_feed_us.xml
https://www.foxnews.com/us/virginia-man-accused-sodomizing-8-year-old-girl-allegedly-tried-bribe-victims-mother-house,FoxNews,0,Virginia man accused of sodomizing 8-year-old girl allegedly tried to bribe victim's mother with a house,fox_feed_us.xml
https://www.foxnews.com/us/texas-cessna-plane-crash-kills-5-ntsb-investigating,FoxNews,0,Texas Cessna plane crash kills 5; NTSB investigating,fox_feed_us.xml
https://www.foxnews.com/us/illegal-immigrant-suspected-chandra-levy-murder-may-escaped-justice-botched-probe-detective,FoxNews,0,Illegal immigrant suspected in Chandra Levy murder may have escaped justice after botched probe: detective,fox_feed_us.xml
https://www.foxnews.com/us/fbi-secret-service-probe-wisconsin-brewery-owner-free-beer-offer-alleged-trump-killing-attempt,FoxNews,0,"FBI, Secret Service probe Wisconsin brewery owner over free beer offer after alleged Trump killing attempt",fox_feed_us.xml
https://www.foxnews.com/tech/jetblue-lawsuit-raises-airline-pricing-questions,FoxNews,0,JetBlue lawsuit raises airline pricing questions,fox_feed_tech.xml
https://www.foxnews.com/tech/adt-data-breach-exposes-customer-information,FoxNews,0,ADT data breach exposes customer information,fox_feed_tech.xml
https://www.foxnews.com/tech/ai-newsletter-anthropic-model-too-dangerous-go-public,FoxNews,0,Fox News AI Newsletter: The AI model that's too dangerous to go public,fox_feed_tech.xml
https://www.foxnews.com/tech/unitree-g1-humanoid-robot-ice-skates-rollerblades,FoxNews,0,Unitree G1 humanoid robot ice skates and Rollerblades,fox_feed_tech.xml
https://www.foxnews.com/tech/are-insurance-apps-watching-you,FoxNews,0,Are insurance apps watching you?,fox_feed_tech.xml
https://www.foxnews.com/tech/meta-tracks-workers-train-ai-agents,FoxNews,0,Meta tracks workers to train AI agents,fox_feed_tech.xml
https://www.foxnews.com/tech/amtrak-data-breach-exposes-millions-customer-records,FoxNews,0,Amtrak data breach exposes millions of customer records,fox_feed_tech.xml
https://www.foxnews.com/tech/waymo-teams-waze-spot-potholes-faster,FoxNews,0,Waymo teams up with Waze to spot potholes faster,fox_feed_tech.xml
https://www.foxnews.com/tech/runway-space-challenge-brings-spaceflight-closer,FoxNews,0,Runway-to-Space Challenge brings spaceflight closer,fox_feed_tech.xml
https://www.foxnews.com/tech/ameriprise-data-breach-hits-48000-customers,FoxNews,0,"Ameriprise data breach hits 48,000 customers",fox_feed_tech.xml
https://www.foxnews.com/tech/fake-ssa-email-alert-spot-scam-fast,FoxNews,0,Fake SSA email alert: Spot this scam fast,fox_feed_tech.xml
https://www.foxnews.com/tech/maryland-moves-ban-surveillance-pricing-grocery-stores,FoxNews,0,Maryland moves to ban surveillance pricing in grocery stores,fox_feed_tech.xml
https://www.foxnews.com/tech/hospice-fraud-uses-stolen-identities-fake-patients,FoxNews,0,Hospice fraud uses stolen identities for fake patients,fox_feed_tech.xml
https://www.foxnews.com/tech/could-get-paid-googles-android-data-lawsuit,FoxNews,0,You could get paid from Google’s Android data lawsuit,fox_feed_tech.xml
https://www.foxnews.com/tech/scammers-build-profile-using-data-brokers,FoxNews,0,How scammers build a profile on you using data brokers,fox_feed_tech.xml
https://www.foxnews.com/tech/anthropics-mythos-ai-found-2000-unknown-software-vulnerabilities-seven-weeks-testing,FoxNews,0,"Anthropic's Mythos AI found over 2,000 unknown software vulnerabilities in just seven weeks of testing",fox_feed_tech.xml
https://www.foxnews.com/tech/ai-newsletter-next-dairy-queen-order-could-taken-ai,FoxNews,0,Fox News AI Newsletter: Your next Dairy Queen order could be taken by AI,fox_feed_tech.xml
https://www.foxnews.com/tech/fcc-router-rule-raises-questions-future-updates,FoxNews,0,FCC router rule raises questions about future updates,fox_feed_tech.xml
https://www.foxnews.com/tech/amazon-put-elon-musks-starlink-notice,FoxNews,0,Amazon just put Elon Musk's Starlink on notice,fox_feed_tech.xml
https://www.foxnews.com/tech/florida-retiree-lost-200k-fake-paypal-refund-scam,FoxNews,0,How Florida retiree lost $200K in fake PayPal refund scam,fox_feed_tech.xml
https://www.foxnews.com/tech/toyota-cue7-robot-shoots-hoops-using-ai,FoxNews,0,Toyota's CUE7 robot shoots hoops using AI,fox_feed_tech.xml
https://www.foxnews.com/tech/booking-com-data-breach-exposes-traveler-data-scams,FoxNews,0,Booking.com data breach exposes traveler data to scams,fox_feed_tech.xml
https://www.foxnews.com/tech/robots-beat-humans-half-marathon,FoxNews,0,Robots beat humans in half marathon,fox_feed_tech.xml
https://www.foxnews.com/tech/michael-susan-dell-surpass-1-billion-donations-backing-ai-driven-hospital-project,FoxNews,0,Michael and Susan Dell surpass $1 billion in donations backing AI-driven hospital project,fox_feed_tech.xml
https://www.foxnews.com/media/black-chicagoans-call-reparations-from-government-money-deposits-like-stimulus-checks,FoxNews,0,"Black Chicagoans call on reparations from government, money deposits like 'stimulus' checks",fox_feed_media.xml
https://www.foxnews.com/media/may-day-protests-just-beginning-student-activism-push-expert-warns,FoxNews,0,"May Day protests ‘just the beginning’ of student activism push, expert warns",fox_feed_media.xml
https://www.foxnews.com/media/john-fetterman-breaks-party-over-orgy-socialism-may-day-protests,FoxNews,0,John Fetterman breaks with party over ‘orgy of socialism’ May Day protests,fox_feed_media.xml
https://www.foxnews.com/media/seattles-socialist-mayor-katie-wilson-slammed-walking-out-interview-over-basic-public-safety-question,FoxNews,0,Seattle's socialist Mayor Katie Wilson slammed for cutting short interview over basic public safety question,fox_feed_media.xml
https://www.foxnews.com/media/bill-maher-clashes-newsom-over-ca-leadership-says-other-side-ask-have-you-seen-stats,FoxNews,0,"Bill Maher clashes with Newsom over CA leadership, says other side will ask, ‘Have you seen the stats?'",fox_feed_media.xml
https://www.foxnews.com/media/seattle-ai-founder-looks-leave-taxes-rise-everybody-i-know-process-leaving,FoxNews,0,"Seattle AI founder looks to leave as taxes rise, ‘Everybody that I know… is in the process of leaving’",fox_feed_media.xml
https://www.foxnews.com/media/didnt-exist-money-real-influencer-sounds-alarm-ai-deception,FoxNews,0,"She didn’t exist, but the money did. A real influencer sounds the alarm on AI deception",fox_feed_media.xml
https://www.foxnews.com/media/johnny-carsons-friend-says-late-night-king-wisely-avoided-partisanship-kimmel-controversy-grows,FoxNews,0,Johnny Carson's friend says late-night king wisely avoided partisanship as Kimmel controversy grows,fox_feed_media.xml
https://www.foxnews.com/media/dan-bongino-reveals-he-fears-federal-prison-chilling-claim-after-year-fbi,FoxNews,0,Dan Bongino reveals he fears ‘federal prison’ in chilling claim after year at the FBI,fox_feed_media.xml
https://www.foxnews.com/media/americans-continue-voting-feet-high-tax-cities-struggle-recover,FoxNews,0,Americans continue voting with their feet as high-tax cities struggle to recover,fox_feed_media.xml
https://www.foxnews.com/media/bob-odenkirk-predicts-end-manosphere-comedy-rejects-low-hanging-fruit-ny-times-interview,FoxNews,0,"Bob Odenkirk predicts end of ‘manosphere comedy,’ rejects it as 'low-hanging fruit' in NY Times interview",fox_feed_media.xml
https://www.foxnews.com/media/anti-israel-nyc-protesters-chant-support-hamas-demand-mamdani-make-major-changes-rally,FoxNews,0,"Anti-Israel NYC protesters chant support for Hamas, demand Mamdani make major changes at rally",fox_feed_media.xml
https://www.foxnews.com/media/seattle-mayor-interview-cut-short-staff-blocks-questions-gun-violence-surveillance,FoxNews,0,"Seattle mayor's interview cut short as staff blocks questions on gun violence, surveillance",fox_feed_media.xml
https://www.foxnews.com/media/joe-rogan-pans-trump-dojs-comey-indictment-nuts,FoxNews,0,Joe Rogan pans Trump DOJ's Comey indictment as 'nuts',fox_feed_media.xml
https://www.foxnews.com/media/newsom-explodes-joe-rogan-response-clip-podcaster-calling-governor-f-ing-con-man,FoxNews,0,Newsom explodes on Joe Rogan in response to clip of podcaster calling governor 'f---ing con man',fox_feed_media.xml
https://www.foxnews.com/media/six-transgender-idaho-residents-file-lawsuit-block-new-bathroom-law,FoxNews,0,Six transgender Idaho residents file lawsuit to block new bathroom law,fox_feed_media.xml
https://www.foxnews.com/media/non-woke-college-newspapers-find-home-new-drudge-report-style-publication,FoxNews,0,Non-woke college newspapers find home in new Drudge Report-style publication,fox_feed_media.xml
https://www.foxnews.com/media/kamala-harris-should-not-2028-democratic-nominee-liberal-columnist-argues,FoxNews,0,"Kamala Harris should not be 2028 Democratic nominee, liberal columnist argues",fox_feed_media.xml
https://www.foxnews.com/media/scott-jennings-snaps-left-wing-commentator-says-get-f-ing-hand-out-my-face,FoxNews,0,"Scott Jennings snaps at left-wing commentator, says to get 'f---ing hand out of my face'",fox_feed_media.xml
https://www.foxnews.com/media/60-minutes-correspondent-lambasts-corporate-meddling-cbs-admits-she-could-fired,FoxNews,0,"'60 Minutes' correspondent lambasts 'corporate meddling' at CBS, admits she could be fired",fox_feed_media.xml
https://www.foxnews.com/media/graham-platner-unveils-plan-unveils-plan-shut-white-house-down-stop-trump-admin-from-functioning,FoxNews,0,"Graham Platner unveils plan to 'shut this White House down,' stop Trump admin from functioning",fox_feed_media.xml
https://www.foxnews.com/media/kimmel-showcases-wifes-video-late-night-host-woken-news-trump-calling-firing,FoxNews,0,Kimmel showcases wife's video of late-night host being woken up to news of Trump calling for his firing,fox_feed_media.xml
https://www.foxnews.com/entertainment/king-charles-queen-camilla-bring-royal-flair-three-us-cities-trip-marking-americas-250th-photos,FoxNews,0,"King Charles, Queen Camilla bring royal flair to three US cities on trip marking America’s 250th: PHOTOS",fox_feed_entertainment.xml
https://www.foxnews.com/entertainment/test-your-pop-culture-from-hollywood-heartland-2,FoxNews,0,Test your pop culture: From Hollywood to the Heartland,fox_feed_entertainment.xml
https://www.foxnews.com/entertainment/charlize-theron-kids-free-ride-hollywood-earn,FoxNews,0,Charlize Theron says her kids won’t get a free ride in Hollywood: They need to ‘earn it’,fox_feed_entertainment.xml
https://www.foxnews.com/entertainment/sydney-sweeney-goes-instagram-official-scooter-braun-cozy-stagecoach-snaps,FoxNews,0,Sydney Sweeney goes Instagram official with Scooter Braun in cozy Stagecoach snaps,fox_feed_entertainment.xml
https://www.foxnews.com/entertainment/karate-kid-ralph-macchios-secret-staying-grounded-ageless-hollywood,FoxNews,0,‘Karate Kid’ star Ralph Macchio’s honest secret to staying grounded and ageless in Hollywood,fox_feed_entertainment.xml
https://www.foxnews.com/entertainment/michael-jackson-biopic-ends-controversial-chapter-happened-next,FoxNews,0,Michael Jackson biopic ends before his most controversial chapter: What happened next,fox_feed_entertainment.xml
https://www.foxnews.com/entertainment/rhonj-alum-joe-giudice-says-he-shouldnt-have-been-deported-after-fraud-conviction,FoxNews,0,‘RHONJ’ alum Joe Giudice says he shouldn’t have been deported after fraud conviction,fox_feed_entertainment.xml
https://www.foxnews.com/entertainment/jerry-oconnell-under-fire-revealing-teenage-daughters-vape-family-fights-get-physical,FoxNews,0,"Jerry O’Connell under fire after revealing teenage daughters vape, family fights get 'physical'",fox_feed_entertainment.xml
https://www.foxnews.com/entertainment/meryl-streep-raves-divine-robert-redford-says-iconic-africa-scene-felt-good,FoxNews,0,"Meryl Streep raves about 'divine' Robert Redford, says iconic 'Out of Africa' scene 'felt so good'",fox_feed_entertainment.xml
https://www.foxnews.com/entertainment/monica-lewinsky-fueled-bad-decisions-dc,FoxNews,0,Monica Lewinsky reveals what fueled her ‘bad decisions’ in DC,fox_feed_entertainment.xml
https://www.foxnews.com/entertainment/jennie-garth-admits-scary-financial-spiral-after-90210-fame,FoxNews,0,Jennie Garth admits ‘scary’ financial spiral after ‘90210’ fame,fox_feed_entertainment.xml
https://www.foxnews.com/entertainment/miranda-lambert-straight-shooting-advice-rising-country-star-bathroom,FoxNews,0,Miranda Lambert delivers straight-shooting advice to rising country star in surprise bathroom encounter,fox_feed_entertainment.xml
https://www.foxnews.com/entertainment/king-charles-give-us-ring-quip-leads-viral-moments-royal-us-tour-queen-camilla,FoxNews,0,King Charles’ ‘Just give us a ring!’ quip leads viral moments from royal US tour with Queen Camilla,fox_feed_entertainment.xml
https://www.foxnews.com/entertainment/apprentice-reboot-buzz-builds-trump-says-jr-charisma-role,FoxNews,0,‘The Apprentice’ reboot buzz builds as Trump says Don Jr has ‘charisma’ for the role,fox_feed_entertainment.xml
https://www.foxnews.com/entertainment/country-music-feud-takes-unexpected-turn-singers-squash-beef,FoxNews,0,Country music feud takes unexpected turn as singers quash the 'beef',fox_feed_entertainment.xml
https://www.foxnews.com/entertainment/nina-dobrev-martha-stewart-turn-heads-king-charles-star-studded-charity-gala,FoxNews,0,"Nina Dobrev, Martha Stewart turn heads at King Charles’ star-studded charity gala",fox_feed_entertainment.xml
https://www.foxnews.com/entertainment/robert-downey-jr-slams-modern-celebrity-culture-absolute-horses-,FoxNews,0,Robert Downey Jr. slams modern celebrity culture as 'absolute horses---',fox_feed_entertainment.xml
https://www.foxnews.com/entertainment/kris-jenner-addresses-rumors-shes-unhappy-reported-100k-facelift,FoxNews,0,Kris Jenner addresses rumors she’s unhappy with reported $100K facelift,fox_feed_entertainment.xml
https://www.foxnews.com/entertainment/millie-bobby-brown-fans-call-out-enola-holmes-3-glaring-manicure-mistake,FoxNews,0,Millie Bobby Brown fans call out ‘Enola Holmes 3’ for glaring manicure mistake,fox_feed_entertainment.xml
https://www.foxnews.com/entertainment/britney-spears-formally-charged-dui,FoxNews,0,Britney Spears formally charged with DUI,fox_feed_entertainment.xml
https://www.foxnews.com/health/eating-habits-could-influence-parkinsons-disease-risk-according-experts,FoxNews,0,"How eating habits could influence Parkinson’s disease risk, according to experts",fox_feed_health.xml
https://www.foxnews.com/health/ozempic-breath-sparks-questions-users-report-strange-side-effect,FoxNews,0,'Ozempic breath' sparks questions as users report strange side effect,fox_feed_health.xml
https://www.foxnews.com/health/alarming-trend-shows-spike-lower-gi-cancer-deaths-among-younger-adults,FoxNews,0,Alarming trend shows spike in lower GI cancer deaths among younger adults,fox_feed_health.xml
https://www.foxnews.com/health/copperhead-snake-bite-leaves-mayors-wife-excruciating-pain-he-reveals,FoxNews,0,"Copperhead snake bite leaves mayor’s wife in 'excruciating pain,' he reveals",fox_feed_health.xml
https://www.foxnews.com/health/thinking-peptides-doctors-reveal-key-dos-donts-wild-west-market-grows,FoxNews,0,Thinking about peptides? Doctors reveal key dos and don’ts as ‘Wild West’ market grows,fox_feed_health.xml
https://www.foxnews.com/health/vitamin-supplement-may-delay-diabetes-select-groups-researchers-say,FoxNews,0,"Vitamin supplement may delay diabetes in select groups, researchers say",fox_feed_health.xml
https://www.foxnews.com/health/trump-taps-nicole-saphier-surgeon-general-dropping-casey-means-nomination,FoxNews,0,"Trump taps Nicole Saphier for surgeon general, dropping Casey Means' nomination",fox_feed_health.xml
https://www.foxnews.com/health/early-parkinsons-warning-signs-may-hiding-gut-study-finds,FoxNews,0,"Early Parkinson’s warning signs may be hiding in the gut, study finds",fox_feed_health.xml
https://www.foxnews.com/health/simple-diet-change-could-relieve-painful-bathroom-symptoms-experts-say,FoxNews,0,"Simple diet change could relieve painful bathroom symptoms, experts say",fox_feed_health.xml
https://www.foxnews.com/health/fish-oil-supplements-linked-slower-brain-repair-patients-study-finds,FoxNews,0,"Fish oil supplements linked to slower brain repair in some patients, study finds",fox_feed_health.xml
https://www.foxnews.com/health/damon-wayans-reveals-scary-symptom-led-type-2-diabetes-diagnosis,FoxNews,0,Damon Wayans reveals the scary symptom that led to his type 2 diabetes diagnosis,fox_feed_health.xml
https://www.foxnews.com/health/dementia-risk-rises-common-food-type-millions-eat-every-day-study-suggests,FoxNews,0,"Dementia risk rises with common food type millions eat every day, study suggests",fox_feed_health.xml
https://www.foxnews.com/health/heart-attacks-strokes-rising-extreme-weather-events-research-suggests,FoxNews,0,"Heart attacks and strokes rising with extreme weather events, research suggests",fox_feed_health.xml
https://www.foxnews.com/health/pancreatic-cancer-patient-ben-sasse-sees-massive-tumor-reduction-experimental-drug,FoxNews,0,Pancreatic cancer patient Ben Sasse sees 'massive' tumor reduction with experimental new drug,fox_feed_health.xml
https://www.foxnews.com/health/rectal-cancer-deaths-rising-three-times-faster-specific-age-group-study-finds,FoxNews,0,"Rectal cancer deaths rising up to three times faster in specific age group, study finds",fox_feed_health.xml
https://www.foxnews.com/health/bacteria-mouth-may-travel-gut-trigger-stomach-cancer-research-finds,FoxNews,0,"Bacteria in your mouth may travel to the gut and trigger stomach cancer, research finds",fox_feed_health.xml
https://www.foxnews.com/health/patients-taking-weight-loss-drugs-often-make-5-critical-mistakes-doctor-warns,FoxNews,0,"Patients taking weight-loss drugs often make 5 critical mistakes, doctor warns",fox_feed_health.xml
https://www.foxnews.com/health/contact-rise-nearly-2-5-americans-cut-ties-loved-ones,FoxNews,0,‘No contact’ on the rise: Nearly 2 in 5 Americans cut ties with loved ones,fox_feed_health.xml
https://www.foxnews.com/health/common-habit-could-quietly-hurting-mens-fertility-experts-warn,FoxNews,0,"This common habit could be quietly hurting men’s fertility, experts warn",fox_feed_health.xml
https://www.foxnews.com/health/daily-coffee-habit-may-quietly-reshaping-gut-mood-study-finds,FoxNews,0,"Your daily coffee habit may be quietly reshaping your gut and mood, study finds",fox_feed_health.xml
https://www.foxnews.com/health/highly-contagious-stomach-bug-surges-us-some-groups-face-severe-effects,FoxNews,0,Highly contagious stomach bug surges in US as some groups face severe effects,fox_feed_health.xml
https://www.foxnews.com/health/first-ever-gene-therapy-hearing-loss-gets-fda-approval-groundbreaking,FoxNews,0,First-ever gene therapy for hearing loss gets FDA approval: 'Groundbreaking',fox_feed_health.xml
https://www.foxnews.com/health/carrie-ann-inaba-shares-struggle-manage-hidden-invisible-illness-real,FoxNews,0,"Carrie Ann Inaba shares her struggle to manage hidden, invisible illness: 'It's real'",fox_feed_health.xml
https://www.foxnews.com/health/5-ways-stay-fit-healthy-while-navigating-major-life-changes-really-powerful,FoxNews,0,5 ways to stay fit and healthy while navigating major life changes: 'Really powerful',fox_feed_health.xml
https://www.foxnews.com/politics/trump-troop-cuts-europe-could-blocked-congress-heres-how-he-might-get-around,FoxNews,0,Trump troop cuts in Europe could be blocked by Congress — here’s how he might get around it,fox_feed_politics.xml
https://www.foxnews.com/politics/communist-socialist-groups-call-revolution-seizure-property-minneapolis-may-day-rally,FoxNews,0,Communist and socialist groups call for 'revolution' and seizure of property at Minneapolis May Day rally,fox_feed_politics.xml
https://www.foxnews.com/politics/power-future-sends-letter-lawmakers-data,FoxNews,0,Power the future sends letter to lawmakers over data,fox_feed_politics.xml
https://www.foxnews.com/politics/mamdani-allocates-500k-reparations-talks-nyc-faces-54b-deficit,FoxNews,0,Mamdani allocates $500K for reparations talks as NYC faces $5.4B deficit,fox_feed_politics.xml
https://www.foxnews.com/politics/new-democrat-party-senate-gop-sounds-off-extreme-graham-platner-senate-race-maine-heats-up,FoxNews,0,'New Democrat party': Senate GOP sounds off on 'extreme' Graham Platner as Senate race in Maine heats up,fox_feed_politics.xml
https://www.foxnews.com/politics/dr-oz-names-5-states-fraud-crackdown-trump-admin-targets-medicaid-abuse,FoxNews,0,Dr Oz names 5 states in fraud crackdown as Trump administration targets Medicaid abuse,fox_feed_politics.xml
https://www.foxnews.com/politics/democrats-rallied-kings-protests-applaud-king-charles-congress,FoxNews,0,Democrats who rallied at ‘No Kings’ protests applaud King Charles in Congress,fox_feed_politics.xml
https://www.foxnews.com/politics/needs-resign-california-vice-mayor-86-47-state-gop-online-post,FoxNews,0,'Needs to resign': California vice mayor ripped after commenting '86 47' on state GOP's online post,fox_feed_politics.xml
https://www.foxnews.com/politics/pro-china-tech-tycoons-network-helped-organize-nyc-may-day-protests-mayor-zohran-mamdani-spoke,FoxNews,0,Pro-China tech tycoon's network helped organize NYC May Day protests where Mayor Zohran Mamdani spoke,fox_feed_politics.xml
https://www.foxnews.com/politics/universities-face-funding-threat-lawmakers-target-schools-ties-adversarial-nations,FoxNews,0,Universities face funding threat as lawmakers target schools with ties to adversarial nations,fox_feed_politics.xml
https://www.foxnews.com/politics/inside-far-left-breeding-ground-universities-alleged-whcd-shooter-called-home-years,FoxNews,0,Inside the far-left 'breeding ground' universities alleged WHCD shooter called home for years,fox_feed_politics.xml
https://www.foxnews.com/politics/inside-kentucky-derby-fans-dont-see-churchill-downs-race-day,FoxNews,0,Inside the Kentucky Derby: What fans don’t see at Churchill Downs on race day,fox_feed_politics.xml
https://www.foxnews.com/politics/dems-circle-wagons-blaming-gop-for-their-redistricting-response-midterms,FoxNews,0,Dems circle the wagons by blaming GOP for their gerrymandering response ahead of midterms: 'Very desperate',fox_feed_politics.xml
https://www.foxnews.com/politics/trump-teases-us-taking-over-cuba-almost-immediately-florida-speech,FoxNews,0,Trump teases US will be 'taking over' Cuba 'almost immediately' in Florida speech,fox_feed_politics.xml
https://www.foxnews.com/politics/pentagon-orders-withdrawal-5000-us-troops-germany-trump-escalates-feud-merz,FoxNews,0,"Pentagon orders withdrawal of 5,000 US troops from Germany as Trump escalates feud with Merz",fox_feed_politics.xml
https://www.foxnews.com/politics/federal-appeals-court-blocks-mailing-abortion-pills-ruling-nationwide-effect,FoxNews,0,Federal appeals court blocks mailing of abortion pills in ruling with nationwide effect,fox_feed_politics.xml
https://www.foxnews.com/politics/trump-aims-reset-war-powers-clock-controversial-bid-bypass-congress,FoxNews,0,Trump aims to reset war powers clock with controversial bid to bypass Congress,fox_feed_politics.xml
https://www.foxnews.com/politics/trump-jokes-security-concerns-mic-problems-dr-oz-freewheeling-florida-speech,FoxNews,0,"Trump jokes about security concerns, mic problems and Dr Oz during freewheeling Florida speech",fox_feed_politics.xml
https://www.foxnews.com/politics/black-conservative-unleashes-obama-constantly-whining-after-scotus-voting-rights-decision,FoxNews,0,Black conservative unleashes on Obama for 'constantly whining' after SCOTUS voting rights decision,fox_feed_politics.xml
https://www.foxnews.com/politics/pope-leo-places-former-illegal-immigrant-charge-red-state-diocese,FoxNews,0,Pope Leo places former illegal immigrant in charge of red state diocese,fox_feed_politics.xml
https://www.foxnews.com/politics/fox-news-campus-radicals-newsletter-educators-disciplined-after-lamenting-trump-survival-university-sued,FoxNews,0,"Fox News Campus Radicals Newsletter: Educators disciplined after lamenting Trump survival, university sued",fox_feed_politics.xml
https://www.foxnews.com/politics/trump-signs-stopgap-fisa-extension-after-senate-blocks-long-term-renewal,FoxNews,0,Trump signs stopgap FISA extension after Senate blocks long-term renewal,fox_feed_politics.xml
https://www.foxnews.com/politics/democrat-tina-shah-calls-transgender-healthcare-children-no-brainer-competitive-nj-house-race,FoxNews,0,Democrat Tina Shah calls transgender healthcare for children a 'no-brainer' in competitive NJ House race,fox_feed_politics.xml
https://www.foxnews.com/politics/food-stamp-fraud-crackdown-usda-would-end-loophole-lets-ferrari-lamborghini-owners-get-benefits,FoxNews,0,"Food stamp fraud crackdown at USDA would end loophole that lets Ferrari, Lamborghini owners get benefits",fox_feed_politics.xml
https://www.foxnews.com/lifestyle/fox-news-digital-news-quiz-may-1-2026,FoxNews,0,"Fox News Digital's News Quiz: May 1, 2026",fox_feed_lifestyle.xml
https://www.foxnews.com/lifestyle/costco-shoppers-sound-off-after-downsized-bagels-fuel-pricing-controversy,FoxNews,0,Costco shoppers sound off after downsized bagels fuel pricing controversy,fox_feed_lifestyle.xml
https://www.foxnews.com/lifestyle/cruise-line-faces-backlash-after-key-onboard-attractions-shut-down-without-notice,FoxNews,0,Cruise line faces backlash after key onboard attractions shut down without notice,fox_feed_lifestyle.xml
https://www.foxnews.com/lifestyle/college-graduate-who-paid-6-figure-fortune-his-degree-cant-find-job,FoxNews,0,College graduate who paid 6-figure fortune for his degree can't find a job,fox_feed_lifestyle.xml
https://www.foxnews.com/lifestyle/american-culture-quiz-test-yourself-baseball-bests-restaurant-revamps,FoxNews,0,American Culture Quiz: Test yourself on baseball bests and restaurant revamps,fox_feed_lifestyle.xml
https://www.foxnews.com/lifestyle/tim-tebow-shares-dying-fathers-last-word-emotional-moment-faith-message-goes-viral,FoxNews,0,Tim Tebow shares dying father’s last word in emotional moment as faith message goes viral,fox_feed_lifestyle.xml
https://www.foxnews.com/lifestyle/melania-trump-unveils-white-house-replica-beehive-buzzing-new-colonies-south-lawn,FoxNews,0,Melania Trump unveils a White House replica beehive buzzing with new colonies on the South Lawn,fox_feed_lifestyle.xml
https://www.foxnews.com/lifestyle/fox-news-digital-news-quiz-april-24-2026,FoxNews,0,"Fox News Digital's News Quiz: April 24, 2026",fox_feed_lifestyle.xml
https://www.foxnews.com/lifestyle/zero-calorie-sweeteners-may-impact-future-generations-study-warns,FoxNews,0,"Zero-calorie sweeteners may impact future generations, study warns",fox_feed_lifestyle.xml
https://www.foxnews.com/lifestyle/us-updates-travel-advisory-caribbean-country-cites-crime-terrorism-concerns,FoxNews,0,"US updates travel advisory for Caribbean country, cites crime and terrorism concerns",fox_feed_lifestyle.xml
https://www.foxnews.com/lifestyle/ivanka-trump-bettina-andersons-close-bond-display-mar-a-lago-bridal-shower,FoxNews,0,Ivanka Trump and Bettina Anderson’s close bond on display at Mar-a-Lago bridal shower,fox_feed_lifestyle.xml
https://www.foxnews.com/lifestyle/american-culture-quiz-test-yourself-fast-food-frenzy-aviation-advantages,FoxNews,0,American Culture Quiz: Test yourself on fast food frenzy and aviation advantages,fox_feed_lifestyle.xml
https://www.foxnews.com/lifestyle/seattle-vancouver-coordinate-cross-border-planning-2026-world-cup-tourism,FoxNews,0,"Seattle, Vancouver coordinate cross-border planning for 2026 World Cup tourism",fox_feed_lifestyle.xml
https://www.foxnews.com/lifestyle/fox-news-digital-news-quiz-april-17-2026,FoxNews,0,"Fox News Digital's News Quiz: April 17, 2026",fox_feed_lifestyle.xml
https://www.foxnews.com/lifestyle/fast-food-chain-rejects-tech-trends-doubles-down-in-person-service,FoxNews,0,"Fast-food chain rejects tech trends, doubles down on in-person service",fox_feed_lifestyle.xml
https://www.foxnews.com/lifestyle/rick-harrison-pawn-stars-reveals-whats-keeping-las-vegas-alive-poker-rooms-close,FoxNews,0,Rick Harrison of 'Pawn Stars' reveals what's keeping Las Vegas alive as poker rooms close,fox_feed_lifestyle.xml
https://www.foxnews.com/lifestyle/ivanka-trump-reveals-surprising-new-living-arrangement-her-grandmother-florida-privilege,FoxNews,0,Ivanka Trump reveals surprising new living arrangement with her grandmother in Florida: It's a 'privilege',fox_feed_lifestyle.xml
https://www.foxnews.com/lifestyle/american-culture-quiz-test-yourself-presidential-proposals-astronaut-appetites,FoxNews,0,American Culture Quiz: Test yourself on presidential proposals and astronaut appetites,fox_feed_lifestyle.xml
https://www.foxnews.com/lifestyle/garden-gnomes-mahjong-sets-masters-tournament-rake-70m-merch,FoxNews,0,"From garden gnomes to mahjong sets, Masters tournament to rake in about $70M in merch",fox_feed_lifestyle.xml
https://www.foxnews.com/lifestyle/fox-news-digital-news-quiz-april-10-2026,FoxNews,0,"Fox News Digital's News Quiz: April 10, 2026",fox_feed_lifestyle.xml
https://www.foxnews.com/lifestyle/ivanka-trump-breaks-down-emotional-interview-talking-about-her-mother-ivanas-death-other-challenges,FoxNews,0,"Ivanka Trump breaks down in emotional interview talking about her mother Ivana’s death, other challenges",fox_feed_lifestyle.xml
https://www.foxnews.com/lifestyle/diners-blast-kelce-mahomes-steakhouse-over-650-meal-not-good,FoxNews,0,Diners blast Kelce-Mahomes steakhouse over $650 meal: 'Not good',fox_feed_lifestyle.xml
https://www.foxnews.com/lifestyle/some-cruise-ports-raising-red-flags-vacation-travelers,FoxNews,0,Some cruise ports raising red flags for vacation travelers,fox_feed_lifestyle.xml
https://www.foxnews.com/lifestyle/duck-hunting-trip-new-orleans-turns-nearly-deadly-until-last-minute-prayer-brings-miracle,FoxNews,0,Duck-hunting trip in New Orleans turns nearly deadly until last-minute prayer brings miracle,fox_feed_lifestyle.xml
https://www.foxnews.com/lifestyle/american-culture-quiz-test-yourself-tidal-basin-traditions-baseball-benchmarks,FoxNews,0,American Culture Quiz: Test yourself on Tidal Basin traditions and baseball benchmarks,fox_feed_lifestyle.xml
https://www.foxnews.com/world/killing-off-country-iran-executes-dozens-arrests-4000-war-crackdown,FoxNews,0,"'Killing off the country': Iran executes dozens, arrests 4,000-plus in war crackdown",fox_feed_world.xml
https://www.foxnews.com/world/irans-killer-drones-increase-slaughter-sudan-amid-worlds-forgotten-war,FoxNews,0,Iran’s killer drones increase slaughter in Sudan amid world’s forgotten war,fox_feed_world.xml
https://www.foxnews.com/world/bus-plunges-river-trainee-driver-crash-massive-rescue-response,FoxNews,0,"Bus plunges into river after trainee driver crash, massive rescue response: reports",fox_feed_world.xml
https://www.foxnews.com/world/may-day-protests-across-europe-asia-turn-anti-american-anti-israel-political-battlegrounds,FoxNews,0,"May Day protests across Europe and Asia turn into anti-American, anti-Israel political battlegrounds",fox_feed_world.xml
https://www.foxnews.com/world/north-koreas-extreme-battlefield-doctrine-revealed-kim-jong-un-during-speech,FoxNews,0,North Korea's extreme battlefield doctrine revealed by Kim Jong Un during speech,fox_feed_world.xml
https://www.foxnews.com/world/trumps-economic-fury-squeezes-iran-can-tehran-outlast-pressure,FoxNews,0,Trump’s 'Economic Fury' squeezes Iran — but can Tehran outlast the pressure?,fox_feed_world.xml
https://www.foxnews.com/world/global-famine-fears-rise-hormuz-crisis-threatens-eight-year-suez-scale-disruption-,FoxNews,0,"Global famine fears rise as Hormuz crisis threatens ‘eight-year,' Suez-scale disruption",fox_feed_world.xml
https://www.foxnews.com/world/mother-in-law-slain-beauty-queen-arrested-international-manhunt,FoxNews,0,Mother-in-law of slain beauty queen arrested after international manhunt,fox_feed_world.xml
https://www.foxnews.com/world/britain-warns-another-terror-attack-highly-likely-within-6-months-after-london-stabbing,FoxNews,0,Britain warns another terror attack is 'highly likely' within 6 months after London stabbing,fox_feed_world.xml
https://www.foxnews.com/world/israel-defense-chief-warns-strikes-iran-could-resume-soon-signals-campaign-not-over,FoxNews,0,"Israel defense chief warns strikes on Iran could resume soon, signals campaign not over",fox_feed_world.xml
https://www.foxnews.com/world/rubio-warns-china-after-panama-ship-detentions-calls-hemisphere-sovereignty-non-negotiable,FoxNews,0,"Rubio warns China after Panama ship detentions, calls hemisphere sovereignty 'non-negotiable'",fox_feed_world.xml
https://www.foxnews.com/world/no-credibility-obamas-top-iran-negotiator-torched-state-department-after-ripping-trump-war-plan,FoxNews,0,‘No credibility’: Obama’s top Iran negotiator torched by State Department after ripping Trump war plan,fox_feed_world.xml
https://www.foxnews.com/world/irans-800m-oil-smuggling-scheme-uses-tankers-posing-iraqi-ships-dodge-blockade-,FoxNews,0,Iran’s $800M oil smuggling scheme uses tankers posing as Iraqi ships to dodge blockade,fox_feed_world.xml
https://www.foxnews.com/world/russia-built-global-recruitment-pipeline-targeting-vulnerable-migrants-ukraine-war-report,FoxNews,0,Russia built global recruitment pipeline targeting vulnerable migrants for Ukraine war: report,fox_feed_world.xml
https://www.foxnews.com/world/leaked-audio-shocker-uk-envoy-says-us-special-relationship-not-britain-another-ally,FoxNews,0,"Leaked audio shocker: UK envoy says US ‘special relationship’ not with Britain, but another ally",fox_feed_world.xml
https://www.foxnews.com/world/2-jewish-men-stabbed-london-attack-classified-terrorism,FoxNews,0,2 Jewish men stabbed in London attack classified as terrorism,fox_feed_world.xml
https://www.foxnews.com/world/record-antisemitic-incidents-canada-fuel-criticism-carney-government-response,FoxNews,0,Record antisemitic incidents in Canada fuel criticism of Carney government response,fox_feed_world.xml
https://www.foxnews.com/world/court-sentences-former-world-leader-7-years-prison-resisting-arrest-charges,FoxNews,0,"Court sentences former world leader to 7 years in prison for resisting arrest, other charges",fox_feed_world.xml
https://www.foxnews.com/world/un-backed-data-undercuts-viral-gaza-famine-claims-child-malnutrition-falls,FoxNews,0,UN-backed data undercuts viral Gaza famine claims as child malnutrition falls,fox_feed_world.xml
https://www.foxnews.com/world/tourist-dies-luxury-resort-cobra-snake-climbs-pants-bites-police,FoxNews,0,"Tourist dies at luxury resort after cobra from snake show climbs up pants, bites him: police",fox_feed_world.xml
https://www.foxnews.com/world/new-ira-bombing-fuels-fears-global-militant-network-tied-iran-hezbollah,FoxNews,0,"New IRA bombing fuels fears of global militant network tied to Iran, Hezbollah",fox_feed_world.xml
https://www.foxnews.com/world/could-narges-mohammadi-unite-irans-opposition-husband-says-imprisoned-nobel-laureate-still-fighting,FoxNews,0,Could Narges Mohammadi unite Iran’s opposition? Husband says imprisoned Nobel laureate still fighting,fox_feed_world.xml
https://www.foxnews.com/world/89-year-old-man-allegedly-opens-fire-shotgun-greek-capital-injuring,FoxNews,0,"89-year-old man allegedly opens fire with shotgun in Greek capital, injuring 4",fox_feed_world.xml
https://www.foxnews.com/world/us-condemns-irans-leadership-role-un-nuclear-conference-beyond-shameful,FoxNews,0,US condemns Iran’s leadership role at UN nuclear conference as ‘beyond shameful’,fox_feed_world.xml
https://www.foxnews.com/world/can-king-charles-save-ever-fracturing-special-relationship-after-trump-anger-starmer-over-iran-war,FoxNews,0,Can King Charles save the ever-fracturing ‘special relationship’ after Trump anger at Starmer over Iran war?,fox_feed_world.xml
,FoxNews,0,"Minnesota fraud revelations are shocking, but not surprising: Heritage Foundation research fellow",fox_politics.html
,FoxNews,0,Bird appears to smoke after flying through solar beams at Ivanpah solar plant,fox_politics.html
,FoxNews,0,"Sanctions expert: We have leverage over Iran, they can’t import or export",fox_politics.html
,FoxNews,0,Trump warns US will be ‘taking over’ Cuba as economic pressure mounts,fox_politics.html
,FoxNews,0,DETAILS: Dems plan to TARGET 4 states in redistricting battle,fox_politics.html
,FoxNews,0,Newsom CONFRONTED on California’s high costs,fox_politics.html
,FoxNews,0,"It can be hard to conceptualize the money spent on politics, comms expert says",fox_politics.html
,FoxNews,0,Miami to Caracas: First US flight to Venezuela in over 6 years lands,fox_politics.html
